"../../../Engine/Plugins/2D/Paper2D/Content/PlaceholderTextures/DummySpriteTexture.ubulk" 0
"../../../Engine/Plugins/2D/Paper2D/Content/PlaceholderTextures/DummySpriteTexture.uasset" 1
"../../../Engine/Plugins/2D/Paper2D/Content/PlaceholderTextures/DummySpriteTexture.uexp" 2
"../../../Engine/Plugins/2D/Paper2D/Content/DummySprite.uasset" 3
"../../../Engine/Plugins/2D/Paper2D/Content/DummySprite.uexp" 4
"../../../Engine/Plugins/2D/Paper2D/Content/DefaultPaperTerrainMaterial.uasset" 5
"../../../Engine/Plugins/2D/Paper2D/Content/DefaultPaperTerrainMaterial.uexp" 6
"../../../Engine/Content/Animation/DefaultRecorderBoneCompression.uasset" 7
"../../../Engine/Content/Animation/DefaultRecorderBoneCompression.uexp" 8
"../../../Engine/Content/EngineFonts/Faces/DroidSansFallback.uexp" 9
"../../../Engine/Content/EngineFonts/Faces/DroidSansFallback.uasset" 10
"../../../Engine/Content/EngineFonts/Faces/DroidSansFallback.ufont" 11
"../../../Engine/Content/EngineFonts/Faces/RobotoBold.uexp" 12
"../../../Engine/Content/EngineFonts/Faces/RobotoBold.uasset" 13
"../../../Engine/Content/EngineFonts/Faces/RobotoBold.ufont" 14
"../../../Engine/Content/EngineFonts/Faces/RobotoBoldItalic.uexp" 15
"../../../Engine/Content/EngineFonts/Faces/RobotoBoldItalic.uasset" 16
"../../../Engine/Content/EngineFonts/Faces/RobotoBoldItalic.ufont" 17
"../../../Engine/Content/EngineFonts/Faces/RobotoItalic.uexp" 18
"../../../Engine/Content/EngineFonts/Faces/RobotoItalic.uasset" 19
"../../../Engine/Content/EngineFonts/Faces/RobotoItalic.ufont" 20
"../../../Engine/Content/EngineFonts/Faces/RobotoLight.uexp" 21
"../../../Engine/Content/EngineFonts/Faces/RobotoLight.uasset" 22
"../../../Engine/Content/EngineFonts/Faces/RobotoLight.ufont" 23
"../../../Engine/Content/EngineFonts/Faces/RobotoRegular.uexp" 24
"../../../Engine/Content/EngineFonts/Faces/RobotoRegular.uasset" 25
"../../../Engine/Content/EngineFonts/Faces/RobotoRegular.ufont" 26
"../../../Engine/Content/EngineFonts/Roboto.uasset" 27
"../../../Engine/Content/EngineFonts/Roboto.uexp" 28
"../../../Engine/Content/EngineMaterials/DefaultDestructiblePhysicalMaterial.uasset" 29
"../../../Engine/Content/EngineMaterials/DefaultDestructiblePhysicalMaterial.uexp" 30
"../../../Engine/Content/EngineMaterials/DefaultPhysicalMaterial.uasset" 31
"../../../Engine/Content/EngineMaterials/DefaultPhysicalMaterial.uexp" 32
"../../../Engine/Content/EngineSounds/Master.uasset" 33
"../../../Engine/Content/EngineSounds/Master.uexp" 34
"../../../Engine/Plugins/Animation/ControlRig/Content/Controls/DefaultGizmoLibraryNormalized.uasset" 35
"../../../Engine/Plugins/Animation/ControlRig/Content/Controls/DefaultGizmoLibraryNormalized.uexp" 36
"../../../Engine/Content/MobileResources/HUD/VirtualJoystick_Background.uasset" 37
"../../../Engine/Content/MobileResources/HUD/VirtualJoystick_Background.uexp" 38
"../../../Engine/Content/MobileResources/HUD/VirtualJoystick_Thumb.uasset" 39
"../../../Engine/Content/MobileResources/HUD/VirtualJoystick_Thumb.uexp" 40
"../../../Engine/Content/MobileResources/HUD/LeftVirtualJoystickOnly.uasset" 41
"../../../Engine/Content/MobileResources/HUD/LeftVirtualJoystickOnly.uexp" 42
"../../../Engine/Content/EngineMaterials/T_Default_Material_Grid_M.ubulk" 43
"../../../Engine/Content/EngineMaterials/T_Default_Material_Grid_M.uasset" 44
"../../../Engine/Content/EngineMaterials/T_Default_Material_Grid_M.uexp" 45
"../../../Engine/Content/EngineMaterials/T_Default_Material_Grid_N.ubulk" 46
"../../../Engine/Content/EngineMaterials/T_Default_Material_Grid_N.uasset" 47
"../../../Engine/Content/EngineMaterials/T_Default_Material_Grid_N.uexp" 48
"../../../Engine/Content/Functions/Engine_MaterialFunctions01/Opacity/CameraDepthFade.uasset" 49
"../../../Engine/Content/Functions/Engine_MaterialFunctions01/Opacity/CameraDepthFade.uexp" 50
"../../../Engine/Content/EngineMaterials/WorldGridMaterial.uasset" 51
"../../../Engine/Content/EngineMaterials/WorldGridMaterial.uexp" 52
"../../../Engine/Plugins/Media/MediaPlate/Content/SM_MediaPlateScreen.ubulk" 53
"../../../Engine/Plugins/Media/MediaPlate/Content/SM_MediaPlateScreen.uasset" 54
"../../../Engine/Plugins/Media/MediaPlate/Content/SM_MediaPlateScreen.uexp" 55
"../../../Engine/Plugins/2D/Paper2D/Content/DefaultSpriteMaterial.uasset" 56
"../../../Engine/Plugins/2D/Paper2D/Content/DefaultSpriteMaterial.uexp" 57
"../../../Engine/Plugins/2D/Paper2D/Content/MaskedUnlitSpriteMaterial.uasset" 58
"../../../Engine/Plugins/2D/Paper2D/Content/MaskedUnlitSpriteMaterial.uexp" 59
"../../../Engine/Plugins/2D/Paper2D/Content/OpaqueUnlitSpriteMaterial.uasset" 60
"../../../Engine/Plugins/2D/Paper2D/Content/OpaqueUnlitSpriteMaterial.uexp" 61
"../../../Engine/Content/Functions/Engine_MaterialFunctions02/WorldPositionOffset/CameraOffset.uasset" 62
"../../../Engine/Content/Functions/Engine_MaterialFunctions02/WorldPositionOffset/CameraOffset.uexp" 63
"../../../Engine/Plugins/Animation/ControlRig/Content/M_Manip.uasset" 64
"../../../Engine/Plugins/Animation/ControlRig/Content/M_Manip.uexp" 65
"../../../Engine/Content/Functions/Engine_MaterialFunctions02/Utility/MakeFloat3.uasset" 66
"../../../Engine/Content/Functions/Engine_MaterialFunctions02/Utility/MakeFloat3.uexp" 67
"../../../Engine/Content/EditorLandscapeResources/DefaultAlphaTexture.uasset" 68
"../../../Engine/Content/EditorLandscapeResources/DefaultAlphaTexture.uexp" 69
"../../../Engine/Content/Functions/Engine_MaterialFunctions03/Math/WithinRangeFloat2.uasset" 70
"../../../Engine/Content/Functions/Engine_MaterialFunctions03/Math/WithinRangeFloat2.uexp" 71
"../../../Engine/Content/EditorLandscapeResources/MaskBrushMaterial.uasset" 72
"../../../Engine/Content/EditorLandscapeResources/MaskBrushMaterial.uexp" 73
"../../../Engine/Content/EditorLandscapeResources/MaskBrushMaterial_MaskedRegion.uasset" 74
"../../../Engine/Content/EditorLandscapeResources/MaskBrushMaterial_MaskedRegion.uexp" 75
"../../../Engine/Content/EditorLandscapeResources/WhiteSquareTexture.uasset" 76
"../../../Engine/Content/EditorLandscapeResources/WhiteSquareTexture.uexp" 77
"../../../Engine/Content/EditorLandscapeResources/SelectBrushMaterial.uasset" 78
"../../../Engine/Content/EditorLandscapeResources/SelectBrushMaterial.uexp" 79
"../../../Engine/Content/EditorLandscapeResources/SelectBrushMaterial_Selected.uasset" 80
"../../../Engine/Content/EditorLandscapeResources/SelectBrushMaterial_Selected.uexp" 81
"../../../Engine/Content/EditorLandscapeResources/SelectBrushMaterial_SelectedRegion.uasset" 82
"../../../Engine/Content/EditorLandscapeResources/SelectBrushMaterial_SelectedRegion.uexp" 83
"../../../Engine/Content/EditorLandscapeResources/SplineEditorMeshMat.uasset" 84
"../../../Engine/Content/EditorLandscapeResources/SplineEditorMeshMat.uexp" 85
"../../../Engine/Content/EditorLandscapeResources/SplineEditorMesh.ubulk" 86
"../../../Engine/Content/EditorLandscapeResources/SplineEditorMesh.uasset" 87
"../../../Engine/Content/EditorLandscapeResources/SplineEditorMesh.uexp" 88
"../../../Engine/Content/EditorLandscapeResources/ColorMaskBrushMaterial.uasset" 89
"../../../Engine/Content/EditorLandscapeResources/ColorMaskBrushMaterial.uexp" 90
"../../../Engine/Content/EditorLandscapeResources/ColorMaskBrushMaterial_MaskedRegion.uasset" 91
"../../../Engine/Content/EditorLandscapeResources/ColorMaskBrushMaterial_MaskedRegion.uexp" 92
"../../../Engine/Content/EditorLandscapeResources/LandscapeDirtyMaterial.uasset" 93
"../../../Engine/Content/EditorLandscapeResources/LandscapeDirtyMaterial.uexp" 94
"../../../Engine/Content/EngineMaterials/DefaultDiffuse.ubulk" 95
"../../../Engine/Content/EngineMaterials/DefaultDiffuse.uasset" 96
"../../../Engine/Content/EngineMaterials/DefaultDiffuse.uexp" 97
"../../../Engine/Content/Functions/Engine_MaterialFunctions01/Texturing/TextureCropping.uasset" 98
"../../../Engine/Content/Functions/Engine_MaterialFunctions01/Texturing/TextureCropping.uexp" 99
"../../../Engine/Content/Functions/Engine_MaterialFunctions02/ExampleContent/DebugNumberStrip.uasset" 100
"../../../Engine/Content/Functions/Engine_MaterialFunctions02/ExampleContent/DebugNumberStrip.uexp" 101
"../../../Engine/Content/Functions/Engine_MaterialFunctions01/Debug/DebugIntValues.uasset" 102
"../../../Engine/Content/Functions/Engine_MaterialFunctions01/Debug/DebugIntValues.uexp" 103
"../../../Engine/Content/Functions/Engine_MaterialFunctions02/Utility/BreakOutFloat2Components.uasset" 104
"../../../Engine/Content/Functions/Engine_MaterialFunctions02/Utility/BreakOutFloat2Components.uexp" 105
"../../../Engine/Content/Functions/Engine_MaterialFunctions01/Texturing/ScaleUVsByCenter.uasset" 106
"../../../Engine/Content/Functions/Engine_MaterialFunctions01/Texturing/ScaleUVsByCenter.uexp" 107
"../../../Engine/Content/Functions/Engine_MaterialFunctions02/WorldPositionOffset/LocalPosition.uasset" 108
"../../../Engine/Content/Functions/Engine_MaterialFunctions02/WorldPositionOffset/LocalPosition.uexp" 109
"../../../Engine/Content/EditorLandscapeResources/LandscapeLayerUsageMaterial.uasset" 110
"../../../Engine/Content/EditorLandscapeResources/LandscapeLayerUsageMaterial.uexp" 111
"../../../Engine/Content/EditorLandscapeResources/LayerVisMaterial.uasset" 112
"../../../Engine/Content/EditorLandscapeResources/LayerVisMaterial.uexp" 113
"../../../Engine/Content/EditorMaterials/PhAT_NoCollisionMaterial.uasset" 114
"../../../Engine/Content/EditorMaterials/PhAT_NoCollisionMaterial.uexp" 115
"../../../Engine/Content/EditorMaterials/PhAT_UnselectedMaterial.uasset" 116
"../../../Engine/Content/EditorMaterials/PhAT_UnselectedMaterial.uexp" 117
"../../../Engine/Content/EditorMaterials/PreviewShadowIndicator.ubulk" 118
"../../../Engine/Content/EditorMaterials/PreviewShadowIndicator.uasset" 119
"../../../Engine/Content/EditorMaterials/PreviewShadowIndicator.uexp" 120
"../../../Engine/Content/EditorMaterials/PreviewShadowIndicatorMaterial.uasset" 121
"../../../Engine/Content/EditorMaterials/PreviewShadowIndicatorMaterial.uexp" 122
"../../../Engine/Content/EngineDebugMaterials/M_SimpleUnlitTranslucent.uasset" 123
"../../../Engine/Content/EngineDebugMaterials/M_SimpleUnlitTranslucent.uexp" 124
"../../../Engine/Content/Functions/Engine_MaterialFunctions02/Utility/CameraDirectionVector.uasset" 125
"../../../Engine/Content/Functions/Engine_MaterialFunctions02/Utility/CameraDirectionVector.uexp" 126
"../../../Engine/Content/EngineDebugMaterials/VolumeToRender.uasset" 127
"../../../Engine/Content/EngineDebugMaterials/VolumeToRender.uexp" 128
"../../../Engine/Content/EngineDebugMaterials/M_VolumeRenderSphereTracePP.uasset" 129
"../../../Engine/Content/EngineDebugMaterials/M_VolumeRenderSphereTracePP.uexp" 130
"../../../Engine/Content/EngineMaterials/DefaultDeferredDecalMaterial.uasset" 131
"../../../Engine/Content/EngineMaterials/DefaultDeferredDecalMaterial.uexp" 132
"../../../Engine/Content/EditorResources/S_Solver.ubulk" 133
"../../../Engine/Content/EditorResources/S_Solver.uasset" 134
"../../../Engine/Content/EditorResources/S_Solver.uexp" 135
"../../../Engine/Content/EditorResources/S_Terrain.ubulk" 136
"../../../Engine/Content/EditorResources/S_Terrain.uasset" 137
"../../../Engine/Content/EditorResources/S_Terrain.uexp" 138
"../../../Engine/Content/EngineMaterials/DefaultLightFunctionMaterial.uasset" 139
"../../../Engine/Content/EngineMaterials/DefaultLightFunctionMaterial.uexp" 140
"../../../Engine/Content/EngineMaterials/RemoveSurfaceMaterial.uasset" 141
"../../../Engine/Content/EngineMaterials/RemoveSurfaceMaterial.uexp" 142
"../../../Engine/Content/EditorResources/S_Trigger.ubulk" 143
"../../../Engine/Content/EditorResources/S_Trigger.uasset" 144
"../../../Engine/Content/EditorResources/S_Trigger.uexp" 145
"../../../Engine/Content/EditorResources/S_TriggerBox.uasset" 146
"../../../Engine/Content/EditorResources/S_TriggerBox.uexp" 147
"../../../Engine/Content/EngineMaterials/SMAAAreaTex.uasset" 148
"../../../Engine/Content/EngineMaterials/SMAAAreaTex.uexp" 149
"../../../Engine/Content/EditorResources/S_TriggerCapsule.uasset" 150
"../../../Engine/Content/EditorResources/S_TriggerCapsule.uexp" 151
"../../../Engine/Content/EngineMaterials/SMAASearchTex.uasset" 152
"../../../Engine/Content/EngineMaterials/SMAASearchTex.uexp" 153
"../../../Engine/Content/EngineMaterials/DefaultPostProcessMaterial.uasset" 154
"../../../Engine/Content/EngineMaterials/DefaultPostProcessMaterial.uexp" 155
"../../../Engine/Content/EngineFonts/RobotoDistanceField.uasset" 156
"../../../Engine/Content/EngineFonts/RobotoDistanceField.uexp" 157
"../../../Engine/Content/EngineMaterials/DefaultTextMaterialOpaque.uasset" 158
"../../../Engine/Content/EngineMaterials/DefaultTextMaterialOpaque.uexp" 159
"../../../Engine/Content/EditorResources/S_TriggerSphere.uasset" 160
"../../../Engine/Content/EditorResources/S_TriggerSphere.uexp" 161
"../../../Engine/Content/EngineMaterials/DefaultWhiteGrid.ubulk" 162
"../../../Engine/Content/EngineMaterials/DefaultWhiteGrid.uasset" 163
"../../../Engine/Content/EngineMaterials/DefaultWhiteGrid.uexp" 164
"../../../Engine/Content/EngineMaterials/DefaultWhiteGrid_Low.uasset" 165
"../../../Engine/Content/EngineMaterials/DefaultWhiteGrid_Low.uexp" 166
"../../../Engine/Content/EngineMaterials/EmissiveMeshMaterial.uasset" 167
"../../../Engine/Content/EngineMaterials/EmissiveMeshMaterial.uexp" 168
"../../../Engine/Content/EngineMaterials/FastBlueNoise_scalar_128x128x64.uasset" 169
"../../../Engine/Content/EngineMaterials/FastBlueNoise_scalar_128x128x64.uexp" 170
"../../../Engine/Content/EngineResources/GradientTexture0.uasset" 171
"../../../Engine/Content/EngineResources/GradientTexture0.uexp" 172
"../../../Engine/Content/EngineMaterials/FastBlueNoise_scalar_128x128x8.uasset" 173
"../../../Engine/Content/EngineMaterials/FastBlueNoise_scalar_128x128x8.uexp" 174
"../../../Engine/Content/EngineMaterials/WeightMapPlaceholderTexture.uasset" 175
"../../../Engine/Content/EngineMaterials/WeightMapPlaceholderTexture.uexp" 176
"../../../Engine/Content/EngineMaterials/WeightMapArrayPlaceholderTexture.uasset" 177
"../../../Engine/Content/EngineMaterials/WeightMapArrayPlaceholderTexture.uexp" 178
"../../../Engine/Content/EngineMaterials/FastBlueNoise_vec2_128x128x64.uasset" 179
"../../../Engine/Content/EngineMaterials/FastBlueNoise_vec2_128x128x64.uexp" 180
"../../../Engine/Content/EngineResources/WhiteSquareTexture.uasset" 181
"../../../Engine/Content/EngineResources/WhiteSquareTexture.uexp" 182
"../../../Engine/Content/EngineMaterials/Widget3DPassThrough.uasset" 183
"../../../Engine/Content/EngineMaterials/Widget3DPassThrough.uexp" 184
"../../../Engine/Content/EngineMaterials/Widget3DPassThrough_Masked.uasset" 185
"../../../Engine/Content/EngineMaterials/Widget3DPassThrough_Masked.uexp" 186
"../../../Engine/Content/EngineMaterials/BaseFlattenDiffuseMap.uasset" 187
"../../../Engine/Content/EngineMaterials/BaseFlattenDiffuseMap.uexp" 188
"../../../Engine/Content/EngineMaterials/BaseFlattenEmissiveMap.uasset" 189
"../../../Engine/Content/EngineMaterials/BaseFlattenEmissiveMap.uexp" 190
"../../../Engine/Content/EngineMaterials/BaseFlattenGrayscaleMap.uasset" 191
"../../../Engine/Content/EngineMaterials/BaseFlattenGrayscaleMap.uexp" 192
"../../../Engine/Content/EngineMaterials/BaseFlattenLinearColor.uasset" 193
"../../../Engine/Content/EngineMaterials/BaseFlattenLinearColor.uexp" 194
"../../../Engine/Content/EngineMaterials/BaseFlattenNormalMap.uasset" 195
"../../../Engine/Content/EngineMaterials/BaseFlattenNormalMap.uexp" 196
"../../../Engine/Content/Functions/Engine_MaterialFunctions02/PivotPainter2/Black_1x1_EXR_Texture.uasset" 197
"../../../Engine/Content/Functions/Engine_MaterialFunctions02/PivotPainter2/Black_1x1_EXR_Texture.uexp" 198
"../../../Engine/Content/EngineMaterials/FlattenMaterial.uasset" 199
"../../../Engine/Content/EngineMaterials/FlattenMaterial.uexp" 200
"../../../Engine/Content/EngineMaterials/Widget3DPassThrough_Opaque.uasset" 201
"../../../Engine/Content/EngineMaterials/Widget3DPassThrough_Opaque.uexp" 202
"../../../Engine/Content/EngineMaterials/Widget3DPassThrough_Masked_OneSided.uasset" 203
"../../../Engine/Content/EngineMaterials/Widget3DPassThrough_Masked_OneSided.uexp" 204
"../../../Engine/Content/EngineMaterials/BaseFlattenDiffuseMap_VT.uasset" 205
"../../../Engine/Content/EngineMaterials/BaseFlattenDiffuseMap_VT.uexp" 206
"../../../Engine/Content/EngineMaterials/BaseFlattenEmissiveMap_VT.uasset" 207
"../../../Engine/Content/EngineMaterials/BaseFlattenEmissiveMap_VT.uexp" 208
"../../../Engine/Content/EngineMaterials/BaseFlattenGrayscaleMap_VT.uasset" 209
"../../../Engine/Content/EngineMaterials/BaseFlattenGrayscaleMap_VT.uexp" 210
"../../../Engine/Content/EngineMaterials/BaseFlattenLinearColor_VT.uasset" 211
"../../../Engine/Content/EngineMaterials/BaseFlattenLinearColor_VT.uexp" 212
"../../../Engine/Content/EngineMaterials/BaseFlattenNormalMap_VT.uasset" 213
"../../../Engine/Content/EngineMaterials/BaseFlattenNormalMap_VT.uexp" 214
"../../../Engine/Content/EngineMaterials/Black_1x1_EXR_Texture_VT.uasset" 215
"../../../Engine/Content/EngineMaterials/Black_1x1_EXR_Texture_VT.uexp" 216
"../../../Engine/Content/EngineMaterials/FlattenMaterial_VT.uasset" 217
"../../../Engine/Content/EngineMaterials/FlattenMaterial_VT.uexp" 218
"../../../Engine/Content/EngineMaterials/Widget3DPassThrough_Opaque_OneSided.uasset" 219
"../../../Engine/Content/EngineMaterials/Widget3DPassThrough_Opaque_OneSided.uexp" 220
"../../../Engine/Content/EngineDamageTypes/DmgTypeBP_Environmental.uasset" 221
"../../../Engine/Content/EngineDamageTypes/DmgTypeBP_Environmental.uexp" 222
"../../../Engine/Content/EditorResources/BSPVertex.uasset" 223
"../../../Engine/Content/EditorResources/BSPVertex.uexp" 224
"../../../Engine/Content/EngineMaterials/FlattenMaterial_WS_Normal_VT.uasset" 225
"../../../Engine/Content/EngineMaterials/FlattenMaterial_WS_Normal_VT.uexp" 226
"../../../Engine/Content/EngineMaterials/Widget3DPassThrough_Translucent.uasset" 227
"../../../Engine/Content/EngineMaterials/Widget3DPassThrough_Translucent.uexp" 228
"../../../Engine/Content/EngineMaterials/Widget3DPassThrough_Translucent_OneSided.uasset" 229
"../../../Engine/Content/EngineMaterials/Widget3DPassThrough_Translucent_OneSided.uexp" 230
"../../../Engine/Content/EngineResources/LandscapeVisibilityLayerInfo.uasset" 231
"../../../Engine/Content/EngineResources/LandscapeVisibilityLayerInfo.uexp" 232
"../../../Engine/Content/EngineMaterials/GizmoMaterial.uasset" 233
"../../../Engine/Content/EngineMaterials/GizmoMaterial.uexp" 234
"../../../Engine/Content/EngineDebugMaterials/DebugEditorMaterial.uasset" 235
"../../../Engine/Content/EngineDebugMaterials/DebugEditorMaterial.uexp" 236
"../../../Engine/Content/EngineDebugMaterials/DebugMeshMaterial.uasset" 237
"../../../Engine/Content/EngineDebugMaterials/DebugMeshMaterial.uexp" 238
"../../../Engine/Content/EditorResources/S_Actor.ubulk" 239
"../../../Engine/Content/EditorResources/S_Actor.uasset" 240
"../../../Engine/Content/EditorResources/S_Actor.uexp" 241
"../../../Engine/Content/EngineMaterials/DefaultBloomKernel.uasset" 242
"../../../Engine/Content/EngineMaterials/DefaultBloomKernel.uexp" 243
"../../../Engine/Content/EngineMaterials/DefaultBokeh.uasset" 244
"../../../Engine/Content/EngineMaterials/DefaultBokeh.uexp" 245
"../../../Engine/Content/EditorResources/S_BoxReflectionCapture.uasset" 246
"../../../Engine/Content/EditorResources/S_BoxReflectionCapture.uexp" 247
"../../../Engine/Content/EngineMeshes/Sphere.ubulk" 248
"../../../Engine/Content/EngineMeshes/Sphere.uasset" 249
"../../../Engine/Content/EngineMeshes/Sphere.uexp" 250
"../../../Engine/Content/EngineMaterials/MiniFont.uasset" 251
"../../../Engine/Content/EngineMaterials/MiniFont.uexp" 252
"../../../Engine/Content/EngineMaterials/InvalidLightmapSettings.ubulk" 253
"../../../Engine/Content/EngineMaterials/InvalidLightmapSettings.uasset" 254
"../../../Engine/Content/EngineMaterials/InvalidLightmapSettings.uexp" 255
"../../../Engine/Content/EngineMaterials/M_InvalidLightmapSettings.uasset" 256
"../../../Engine/Content/EngineMaterials/M_InvalidLightmapSettings.uexp" 257
"../../../Engine/Content/EngineMaterials/NaniteHiddenSectionMaterial.uasset" 258
"../../../Engine/Content/EngineMaterials/NaniteHiddenSectionMaterial.uexp" 259
"../../../Engine/Plugins/Animation/ControlRig/Content/Controls/ControlRig_Arrow_solid.ubulk" 260
"../../../Engine/Plugins/Animation/ControlRig/Content/Controls/ControlRig_Arrow_solid.uasset" 261
"../../../Engine/Plugins/Animation/ControlRig/Content/Controls/ControlRig_Arrow_solid.uexp" 262
"../../../Engine/Plugins/Animation/ControlRig/Content/Controls/ControlRig_Box_1mm.ubulk" 263
"../../../Engine/Plugins/Animation/ControlRig/Content/Controls/ControlRig_Box_1mm.uasset" 264
"../../../Engine/Plugins/Animation/ControlRig/Content/Controls/ControlRig_Box_1mm.uexp" 265
"../../../Engine/Plugins/Animation/ControlRig/Content/Controls/ControlRig_Box_3mm.ubulk" 266
"../../../Engine/Plugins/Animation/ControlRig/Content/Controls/ControlRig_Box_3mm.uasset" 267
"../../../Engine/Plugins/Animation/ControlRig/Content/Controls/ControlRig_Box_3mm.uexp" 268
"../../../Engine/Content/EngineMaterials/PhAT_JointLimitMaterial.uasset" 269
"../../../Engine/Content/EngineMaterials/PhAT_JointLimitMaterial.uexp" 270
"../../../Engine/Plugins/Animation/ControlRig/Content/Controls/ControlRig_Box_solid.ubulk" 271
"../../../Engine/Plugins/Animation/ControlRig/Content/Controls/ControlRig_Box_solid.uasset" 272
"../../../Engine/Plugins/Animation/ControlRig/Content/Controls/ControlRig_Box_solid.uexp" 273
"../../../Engine/Content/EngineMaterials/DefaultCalibrationColor.uasset" 274
"../../../Engine/Content/EngineMaterials/DefaultCalibrationColor.uexp" 275
"../../../Engine/Content/EngineMaterials/PPM_DefaultCalibrationColor.uasset" 276
"../../../Engine/Content/EngineMaterials/PPM_DefaultCalibrationColor.uexp" 277
"../../../Engine/Plugins/Animation/ControlRig/Content/Controls/ControlRig_Circle_1mm.ubulk" 278
"../../../Engine/Plugins/Animation/ControlRig/Content/Controls/ControlRig_Circle_1mm.uasset" 279
"../../../Engine/Plugins/Animation/ControlRig/Content/Controls/ControlRig_Circle_1mm.uexp" 280
"../../../Engine/Content/EngineMaterials/DefaultCalibrationGrayscale.uasset" 281
"../../../Engine/Content/EngineMaterials/DefaultCalibrationGrayscale.uexp" 282
"../../../Engine/Content/EngineMaterials/PPM_DefaultCalibrationGrayscale.uasset" 283
"../../../Engine/Content/EngineMaterials/PPM_DefaultCalibrationGrayscale.uexp" 284
"../../../Engine/Plugins/Animation/ControlRig/Content/Controls/ControlRig_Circle_3mm.ubulk" 285
"../../../Engine/Plugins/Animation/ControlRig/Content/Controls/ControlRig_Circle_3mm.uasset" 286
"../../../Engine/Plugins/Animation/ControlRig/Content/Controls/ControlRig_Circle_3mm.uexp" 287
"../../../Engine/Plugins/Animation/ControlRig/Content/Controls/ControlRig_Circle_solid.ubulk" 288
"../../../Engine/Plugins/Animation/ControlRig/Content/Controls/ControlRig_Circle_solid.uasset" 289
"../../../Engine/Plugins/Animation/ControlRig/Content/Controls/ControlRig_Circle_solid.uexp" 290
"../../../Engine/Content/EngineResources/Black.uasset" 291
"../../../Engine/Content/EngineResources/Black.uexp" 292
"../../../Engine/Content/EngineMaterials/PreintegratedSkinBRDF.uasset" 293
"../../../Engine/Content/EngineMaterials/PreintegratedSkinBRDF.uexp" 294
"../../../Engine/Plugins/Animation/ControlRig/Content/Controls/ControlRig_Diamond_1mm.ubulk" 295
"../../../Engine/Plugins/Animation/ControlRig/Content/Controls/ControlRig_Diamond_1mm.uasset" 296
"../../../Engine/Plugins/Animation/ControlRig/Content/Controls/ControlRig_Diamond_1mm.uexp" 297
"../../../Engine/Plugins/Animation/ControlRig/Content/Controls/ControlRig_Diamond_3mm.ubulk" 298
"../../../Engine/Plugins/Animation/ControlRig/Content/Controls/ControlRig_Diamond_3mm.uasset" 299
"../../../Engine/Plugins/Animation/ControlRig/Content/Controls/ControlRig_Diamond_3mm.uexp" 300
"../../../Engine/Plugins/Animation/ControlRig/Content/Controls/ControlRig_Diamond_solid.ubulk" 301
"../../../Engine/Plugins/Animation/ControlRig/Content/Controls/ControlRig_Diamond_solid.uasset" 302
"../../../Engine/Plugins/Animation/ControlRig/Content/Controls/ControlRig_Diamond_solid.uexp" 303
"../../../Engine/Content/EngineResources/DefaultTextureCube.uasset" 304
"../../../Engine/Content/EngineResources/DefaultTextureCube.uexp" 305
"../../../Engine/Plugins/Animation/ControlRig/Content/Controls/ControlRig_HalfCircle_1mm.ubulk" 306
"../../../Engine/Plugins/Animation/ControlRig/Content/Controls/ControlRig_HalfCircle_1mm.uasset" 307
"../../../Engine/Plugins/Animation/ControlRig/Content/Controls/ControlRig_HalfCircle_1mm.uexp" 308
"../../../Engine/Plugins/Animation/ControlRig/Content/Controls/ControlRig_HalfCircle_3mm.ubulk" 309
"../../../Engine/Plugins/Animation/ControlRig/Content/Controls/ControlRig_HalfCircle_3mm.uasset" 310
"../../../Engine/Plugins/Animation/ControlRig/Content/Controls/ControlRig_HalfCircle_3mm.uexp" 311
"../../../Engine/Plugins/Animation/ControlRig/Content/Controls/ControlRig_HalfCircle_solid.ubulk" 312
"../../../Engine/Plugins/Animation/ControlRig/Content/Controls/ControlRig_HalfCircle_solid.uasset" 313
"../../../Engine/Plugins/Animation/ControlRig/Content/Controls/ControlRig_HalfCircle_solid.uexp" 314
"../../../Engine/Plugins/Animation/ControlRig/Content/Controls/ControlRig_Hexagon_1mm.ubulk" 315
"../../../Engine/Plugins/Animation/ControlRig/Content/Controls/ControlRig_Hexagon_1mm.uasset" 316
"../../../Engine/Plugins/Animation/ControlRig/Content/Controls/ControlRig_Hexagon_1mm.uexp" 317
"../../../Engine/Plugins/Animation/ControlRig/Content/Controls/ControlRig_Hexagon_3mm.ubulk" 318
"../../../Engine/Plugins/Animation/ControlRig/Content/Controls/ControlRig_Hexagon_3mm.uasset" 319
"../../../Engine/Plugins/Animation/ControlRig/Content/Controls/ControlRig_Hexagon_3mm.uexp" 320
"../../../Engine/Plugins/Animation/ControlRig/Content/Controls/ControlRig_Hexagon_solid.ubulk" 321
"../../../Engine/Plugins/Animation/ControlRig/Content/Controls/ControlRig_Hexagon_solid.uasset" 322
"../../../Engine/Plugins/Animation/ControlRig/Content/Controls/ControlRig_Hexagon_solid.uexp" 323
"../../../Engine/Plugins/Animation/ControlRig/Content/Controls/ControlRig_Octagon_1mm.ubulk" 324
"../../../Engine/Plugins/Animation/ControlRig/Content/Controls/ControlRig_Octagon_1mm.uasset" 325
"../../../Engine/Plugins/Animation/ControlRig/Content/Controls/ControlRig_Octagon_1mm.uexp" 326
"../../../Engine/Plugins/Animation/ControlRig/Content/Controls/ControlRig_Octagon_3mm.ubulk" 327
"../../../Engine/Plugins/Animation/ControlRig/Content/Controls/ControlRig_Octagon_3mm.uasset" 328
"../../../Engine/Plugins/Animation/ControlRig/Content/Controls/ControlRig_Octagon_3mm.uexp" 329
"../../../Engine/Plugins/Animation/ControlRig/Content/Controls/ControlRig_Octagon_solid.ubulk" 330
"../../../Engine/Plugins/Animation/ControlRig/Content/Controls/ControlRig_Octagon_solid.uasset" 331
"../../../Engine/Plugins/Animation/ControlRig/Content/Controls/ControlRig_Octagon_solid.uexp" 332
"../../../Engine/Plugins/Animation/ControlRig/Content/Controls/ControlRig_Pyramid_1mm.ubulk" 333
"../../../Engine/Plugins/Animation/ControlRig/Content/Controls/ControlRig_Pyramid_1mm.uasset" 334
"../../../Engine/Plugins/Animation/ControlRig/Content/Controls/ControlRig_Pyramid_1mm.uexp" 335
"../../../Engine/Plugins/Animation/ControlRig/Content/Controls/ControlRig_Pyramid_3mm.ubulk" 336
"../../../Engine/Plugins/Animation/ControlRig/Content/Controls/ControlRig_Pyramid_3mm.uasset" 337
"../../../Engine/Plugins/Animation/ControlRig/Content/Controls/ControlRig_Pyramid_3mm.uexp" 338
"../../../Engine/Content/Functions/Engine_MaterialFunctions02/SplitComponents.uasset" 339
"../../../Engine/Content/Functions/Engine_MaterialFunctions02/SplitComponents.uexp" 340
"../../../Engine/Content/Functions/Engine_MaterialFunctions02/Utility/BreakOutFloat3Components.uasset" 341
"../../../Engine/Content/Functions/Engine_MaterialFunctions02/Utility/BreakOutFloat3Components.uexp" 342
"../../../Engine/Content/Functions/Engine_MaterialFunctions02/Math/Transform3x3Matrix.uasset" 343
"../../../Engine/Content/Functions/Engine_MaterialFunctions02/Math/Transform3x3Matrix.uexp" 344
"../../../Engine/Content/VREditor/SnapGrid/SnapGridMaterial.uasset" 345
"../../../Engine/Content/VREditor/SnapGrid/SnapGridMaterial.uexp" 346
"../../../Engine/Content/VREditor/SnapGrid/SnapGridPlaneMesh.ubulk" 347
"../../../Engine/Content/VREditor/SnapGrid/SnapGridPlaneMesh.uasset" 348
"../../../Engine/Content/VREditor/SnapGrid/SnapGridPlaneMesh.uexp" 349
"../../../Engine/Content/VREditor/LaserPointer/VR_LaserPower_01.ubulk" 350
"../../../Engine/Content/VREditor/LaserPointer/VR_LaserPower_01.uasset" 351
"../../../Engine/Content/VREditor/LaserPointer/VR_LaserPower_01.uexp" 352
"../../../Engine/Content/VREditor/TransformGizmo/TransformGizmoMaterial.uasset" 353
"../../../Engine/Content/VREditor/TransformGizmo/TransformGizmoMaterial.uexp" 354
"../../../Engine/Content/VREditor/TransformGizmo/TranslucentTransformGizmoMaterial.uasset" 355
"../../../Engine/Content/VREditor/TransformGizmo/TranslucentTransformGizmoMaterial.uexp" 356
"../../../Engine/Content/VREditor/TransformGizmo/PlaneTranslationHandle.ubulk" 357
"../../../Engine/Content/VREditor/TransformGizmo/PlaneTranslationHandle.uasset" 358
"../../../Engine/Content/VREditor/TransformGizmo/PlaneTranslationHandle.uexp" 359
"../../../Engine/Content/VREditor/TransformGizmo/RotationHandleFull.ubulk" 360
"../../../Engine/Content/VREditor/TransformGizmo/RotationHandleFull.uasset" 361
"../../../Engine/Content/VREditor/TransformGizmo/RotationHandleFull.uexp" 362
"../../../Engine/Content/VREditor/TransformGizmo/RotationHandleIndicator.ubulk" 363
"../../../Engine/Content/VREditor/TransformGizmo/RotationHandleIndicator.uasset" 364
"../../../Engine/Content/VREditor/TransformGizmo/RotationHandleIndicator.uexp" 365
"../../../Engine/Content/VREditor/TransformGizmo/RotationHandleQuarter.ubulk" 366
"../../../Engine/Content/VREditor/TransformGizmo/RotationHandleQuarter.uasset" 367
"../../../Engine/Content/VREditor/TransformGizmo/RotationHandleQuarter.uexp" 368
"../../../Engine/Content/VREditor/TransformGizmo/StartRotationHandleIndicator.ubulk" 369
"../../../Engine/Content/VREditor/TransformGizmo/StartRotationHandleIndicator.uasset" 370
"../../../Engine/Content/VREditor/TransformGizmo/StartRotationHandleIndicator.uexp" 371
"../../../Engine/Content/VREditor/TransformGizmo/TranslucentTransformGizmoMaterial_Inst.uasset" 372
"../../../Engine/Content/VREditor/TransformGizmo/TranslucentTransformGizmoMaterial_Inst.uexp" 373
"../../../Engine/Content/VREditor/TransformGizmo/TransformGizmoFreeRotation.ubulk" 374
"../../../Engine/Content/VREditor/TransformGizmo/TransformGizmoFreeRotation.uasset" 375
"../../../Engine/Content/VREditor/TransformGizmo/TransformGizmoFreeRotation.uexp" 376
"../../../Engine/Content/VREditor/TransformGizmo/TransformGizmoMaterial_Inst.uasset" 377
"../../../Engine/Content/VREditor/TransformGizmo/TransformGizmoMaterial_Inst.uexp" 378
"../../../Engine/Content/VREditor/TransformGizmo/TranslateArrowHandle.ubulk" 379
"../../../Engine/Content/VREditor/TransformGizmo/TranslateArrowHandle.uasset" 380
"../../../Engine/Content/VREditor/TransformGizmo/TranslateArrowHandle.uexp" 381
"../../../Engine/Content/VREditor/TransformGizmo/UniformScaleHandle.ubulk" 382
"../../../Engine/Content/VREditor/TransformGizmo/UniformScaleHandle.uasset" 383
"../../../Engine/Content/VREditor/TransformGizmo/UniformScaleHandle.uexp" 384
"../../../Engine/Content/VREditor/Sounds/UI/Drop_Item_From_ContentBrowser.ubulk" 385
"../../../Engine/Content/VREditor/Sounds/UI/Drop_Item_From_ContentBrowser.uasset" 386
"../../../Engine/Content/VREditor/Sounds/UI/Drop_Item_From_ContentBrowser.uexp" 387
"../../../Engine/Content/VREditor/Sounds/UI/Gizmo_Handle_Clicked.ubulk" 388
"../../../Engine/Content/VREditor/Sounds/UI/Gizmo_Handle_Clicked.uasset" 389
"../../../Engine/Content/VREditor/Sounds/UI/Gizmo_Handle_Clicked.uexp" 390
"../../../Engine/Content/VREditor/Sounds/UI/Object_PickUp.ubulk" 391
"../../../Engine/Content/VREditor/Sounds/UI/Object_PickUp.uasset" 392
"../../../Engine/Content/VREditor/Sounds/UI/Object_PickUp.uexp" 393
"../../../Engine/Content/VREditor/Sounds/UI/Object_Snaps_To_Another_Actor.ubulk" 394
"../../../Engine/Content/VREditor/Sounds/UI/Object_Snaps_To_Another_Actor.uasset" 395
"../../../Engine/Content/VREditor/Sounds/UI/Object_Snaps_To_Another_Actor.uexp" 396
"../../../Engine/Content/VREditor/Sounds/UI/Object_Snaps_To_Grid.ubulk" 397
"../../../Engine/Content/VREditor/Sounds/UI/Object_Snaps_To_Grid.uasset" 398
"../../../Engine/Content/VREditor/Sounds/UI/Object_Snaps_To_Grid.uexp" 399
"../../../Engine/Content/VREditor/Sounds/UI/Scaling_Down.ubulk" 400
"../../../Engine/Content/VREditor/Sounds/UI/Scaling_Down.uasset" 401
"../../../Engine/Content/VREditor/Sounds/UI/Scaling_Down.uexp" 402
"../../../Engine/Content/VREditor/Sounds/UI/Scaling_Up.ubulk" 403
"../../../Engine/Content/VREditor/Sounds/UI/Scaling_Up.uasset" 404
"../../../Engine/Content/VREditor/Sounds/UI/Scaling_Up.uexp" 405
"../../../Engine/Content/VREditor/Sounds/UI/Selection_Changes.ubulk" 406
"../../../Engine/Content/VREditor/Sounds/UI/Selection_Changes.uasset" 407
"../../../Engine/Content/VREditor/Sounds/UI/Selection_Changes.uexp" 408
"../../../Engine/Plugins/Animation/ControlRig/Content/Controls/ControlRig_Pyramid_solid.ubulk" 409
"../../../Engine/Plugins/Animation/ControlRig/Content/Controls/ControlRig_Pyramid_solid.uasset" 410
"../../../Engine/Plugins/Animation/ControlRig/Content/Controls/ControlRig_Pyramid_solid.uexp" 411
"../../../Engine/Plugins/Animation/ControlRig/Content/Controls/ControlRig_QuarterCircle_1mm.ubulk" 412
"../../../Engine/Plugins/Animation/ControlRig/Content/Controls/ControlRig_QuarterCircle_1mm.uasset" 413
"../../../Engine/Plugins/Animation/ControlRig/Content/Controls/ControlRig_QuarterCircle_1mm.uexp" 414
"../../../Engine/Plugins/Animation/ControlRig/Content/Controls/ControlRig_QuarterCircle_3mm.ubulk" 415
"../../../Engine/Plugins/Animation/ControlRig/Content/Controls/ControlRig_QuarterCircle_3mm.uasset" 416
"../../../Engine/Plugins/Animation/ControlRig/Content/Controls/ControlRig_QuarterCircle_3mm.uexp" 417
"../../../Engine/Plugins/Animation/ControlRig/Content/Controls/ControlRigGizmoMaterial.uasset" 418
"../../../Engine/Plugins/Animation/ControlRig/Content/Controls/ControlRigGizmoMaterial.uexp" 419
"../../../Engine/Plugins/Animation/ControlRig/Content/Controls/ControlRigXRayMaterial.uasset" 420
"../../../Engine/Plugins/Animation/ControlRig/Content/Controls/ControlRigXRayMaterial.uexp" 421
"../../../Engine/Plugins/Animation/ControlRig/Content/Controls/ControlRig_QuarterCircle_solid.ubulk" 422
"../../../Engine/Plugins/Animation/ControlRig/Content/Controls/ControlRig_QuarterCircle_solid.uasset" 423
"../../../Engine/Plugins/Animation/ControlRig/Content/Controls/ControlRig_QuarterCircle_solid.uexp" 424
"../../../Engine/Plugins/Animation/ControlRig/Content/Controls/ControlRig_RoundedSquare_1mm.ubulk" 425
"../../../Engine/Plugins/Animation/ControlRig/Content/Controls/ControlRig_RoundedSquare_1mm.uasset" 426
"../../../Engine/Plugins/Animation/ControlRig/Content/Controls/ControlRig_RoundedSquare_1mm.uexp" 427
"../../../Engine/Plugins/Animation/ControlRig/Content/Controls/ControlRig_Arrow2_1mm.ubulk" 428
"../../../Engine/Plugins/Animation/ControlRig/Content/Controls/ControlRig_Arrow2_1mm.uasset" 429
"../../../Engine/Plugins/Animation/ControlRig/Content/Controls/ControlRig_Arrow2_1mm.uexp" 430
"../../../Engine/Plugins/Animation/ControlRig/Content/Controls/ControlRig_Arrow2_3mm.ubulk" 431
"../../../Engine/Plugins/Animation/ControlRig/Content/Controls/ControlRig_Arrow2_3mm.uasset" 432
"../../../Engine/Plugins/Animation/ControlRig/Content/Controls/ControlRig_Arrow2_3mm.uexp" 433
"../../../Engine/Plugins/Animation/ControlRig/Content/Controls/ControlRig_RoundedSquare_3mm.ubulk" 434
"../../../Engine/Plugins/Animation/ControlRig/Content/Controls/ControlRig_RoundedSquare_3mm.uasset" 435
"../../../Engine/Plugins/Animation/ControlRig/Content/Controls/ControlRig_RoundedSquare_3mm.uexp" 436
"../../../Engine/Plugins/Animation/ControlRig/Content/Controls/ControlRig_Arrow2_solid.ubulk" 437
"../../../Engine/Plugins/Animation/ControlRig/Content/Controls/ControlRig_Arrow2_solid.uasset" 438
"../../../Engine/Plugins/Animation/ControlRig/Content/Controls/ControlRig_Arrow2_solid.uexp" 439
"../../../Engine/Plugins/Animation/ControlRig/Content/Controls/ControlRig_RoundedSquare_solid.ubulk" 440
"../../../Engine/Plugins/Animation/ControlRig/Content/Controls/ControlRig_RoundedSquare_solid.uasset" 441
"../../../Engine/Plugins/Animation/ControlRig/Content/Controls/ControlRig_RoundedSquare_solid.uexp" 442
"../../../Engine/Plugins/Animation/ControlRig/Content/Controls/ControlRig_Arrow4_1mm.ubulk" 443
"../../../Engine/Plugins/Animation/ControlRig/Content/Controls/ControlRig_Arrow4_1mm.uasset" 444
"../../../Engine/Plugins/Animation/ControlRig/Content/Controls/ControlRig_Arrow4_1mm.uexp" 445
"../../../Engine/Plugins/Animation/ControlRig/Content/Controls/ControlRig_RoundedTriangle_1mm.ubulk" 446
"../../../Engine/Plugins/Animation/ControlRig/Content/Controls/ControlRig_RoundedTriangle_1mm.uasset" 447
"../../../Engine/Plugins/Animation/ControlRig/Content/Controls/ControlRig_RoundedTriangle_1mm.uexp" 448
"../../../Engine/Plugins/Animation/ControlRig/Content/Controls/ControlRig_Arrow4_3mm.ubulk" 449
"../../../Engine/Plugins/Animation/ControlRig/Content/Controls/ControlRig_Arrow4_3mm.uasset" 450
"../../../Engine/Plugins/Animation/ControlRig/Content/Controls/ControlRig_Arrow4_3mm.uexp" 451
"../../../Engine/Plugins/Animation/ControlRig/Content/Controls/ControlRig_Arrow4_solid.ubulk" 452
"../../../Engine/Plugins/Animation/ControlRig/Content/Controls/ControlRig_Arrow4_solid.uasset" 453
"../../../Engine/Plugins/Animation/ControlRig/Content/Controls/ControlRig_Arrow4_solid.uexp" 454
"../../../Engine/Plugins/Animation/ControlRig/Content/Controls/ControlRig_RoundedTriangle_3mm.ubulk" 455
"../../../Engine/Plugins/Animation/ControlRig/Content/Controls/ControlRig_RoundedTriangle_3mm.uasset" 456
"../../../Engine/Plugins/Animation/ControlRig/Content/Controls/ControlRig_RoundedTriangle_3mm.uexp" 457
"../../../Engine/Plugins/Animation/ControlRig/Content/Controls/ControlRig_Arrow_1mm.ubulk" 458
"../../../Engine/Plugins/Animation/ControlRig/Content/Controls/ControlRig_Arrow_1mm.uasset" 459
"../../../Engine/Plugins/Animation/ControlRig/Content/Controls/ControlRig_Arrow_1mm.uexp" 460
"../../../Engine/Plugins/Animation/ControlRig/Content/Controls/ControlRig_RoundedTriangle_solid.ubulk" 461
"../../../Engine/Plugins/Animation/ControlRig/Content/Controls/ControlRig_RoundedTriangle_solid.uasset" 462
"../../../Engine/Plugins/Animation/ControlRig/Content/Controls/ControlRig_RoundedTriangle_solid.uexp" 463
"../../../Engine/Plugins/Animation/ControlRig/Content/Controls/ControlRig_Arrow_3mm.ubulk" 464
"../../../Engine/Plugins/Animation/ControlRig/Content/Controls/ControlRig_Arrow_3mm.uasset" 465
"../../../Engine/Plugins/Animation/ControlRig/Content/Controls/ControlRig_Arrow_3mm.uexp" 466
"../../../Engine/Plugins/Animation/ControlRig/Content/Controls/ControlRig_Sphere_1mm.ubulk" 467
"../../../Engine/Plugins/Animation/ControlRig/Content/Controls/ControlRig_Sphere_1mm.uasset" 468
"../../../Engine/Plugins/Animation/ControlRig/Content/Controls/ControlRig_Sphere_1mm.uexp" 469
"../../../Engine/Plugins/Animation/ControlRig/Content/Controls/ControlRig_Sphere_3mm.ubulk" 470
"../../../Engine/Plugins/Animation/ControlRig/Content/Controls/ControlRig_Sphere_3mm.uasset" 471
"../../../Engine/Plugins/Animation/ControlRig/Content/Controls/ControlRig_Sphere_3mm.uexp" 472
"../../../Engine/Plugins/Animation/ControlRig/Content/Controls/ControlRig_Sphere_solid.ubulk" 473
"../../../Engine/Plugins/Animation/ControlRig/Content/Controls/ControlRig_Sphere_solid.uasset" 474
"../../../Engine/Plugins/Animation/ControlRig/Content/Controls/ControlRig_Sphere_solid.uexp" 475
"../../../Engine/Plugins/Animation/ControlRig/Content/Controls/ControlRig_Square_1mm.ubulk" 476
"../../../Engine/Plugins/Animation/ControlRig/Content/Controls/ControlRig_Square_1mm.uasset" 477
"../../../Engine/Plugins/Animation/ControlRig/Content/Controls/ControlRig_Square_1mm.uexp" 478
"../../../Engine/Plugins/Animation/ControlRig/Content/Controls/ControlRig_Square_3mm.ubulk" 479
"../../../Engine/Plugins/Animation/ControlRig/Content/Controls/ControlRig_Square_3mm.uasset" 480
"../../../Engine/Plugins/Animation/ControlRig/Content/Controls/ControlRig_Square_3mm.uexp" 481
"../../../Engine/Plugins/Animation/ControlRig/Content/Controls/ControlRig_Square_solid.ubulk" 482
"../../../Engine/Plugins/Animation/ControlRig/Content/Controls/ControlRig_Square_solid.uasset" 483
"../../../Engine/Plugins/Animation/ControlRig/Content/Controls/ControlRig_Square_solid.uexp" 484
"../../../Engine/Plugins/Animation/ControlRig/Content/Controls/ControlRig_Star4_1mm.ubulk" 485
"../../../Engine/Plugins/Animation/ControlRig/Content/Controls/ControlRig_Star4_1mm.uasset" 486
"../../../Engine/Plugins/Animation/ControlRig/Content/Controls/ControlRig_Star4_1mm.uexp" 487
"../../../Engine/Plugins/Animation/ControlRig/Content/Controls/ControlRig_Star4_3mm.ubulk" 488
"../../../Engine/Plugins/Animation/ControlRig/Content/Controls/ControlRig_Star4_3mm.uasset" 489
"../../../Engine/Plugins/Animation/ControlRig/Content/Controls/ControlRig_Star4_3mm.uexp" 490
"../../../Engine/Plugins/Animation/ControlRig/Content/Controls/ControlRig_Star4_solid.ubulk" 491
"../../../Engine/Plugins/Animation/ControlRig/Content/Controls/ControlRig_Star4_solid.uasset" 492
"../../../Engine/Plugins/Animation/ControlRig/Content/Controls/ControlRig_Star4_solid.uexp" 493
"../../../Engine/Plugins/Animation/ControlRig/Content/Controls/ControlRig_Triangle_1mm.ubulk" 494
"../../../Engine/Plugins/Animation/ControlRig/Content/Controls/ControlRig_Triangle_1mm.uasset" 495
"../../../Engine/Plugins/Animation/ControlRig/Content/Controls/ControlRig_Triangle_1mm.uexp" 496
"../../../Engine/Plugins/Animation/ControlRig/Content/Controls/ControlRig_Triangle_3mm.ubulk" 497
"../../../Engine/Plugins/Animation/ControlRig/Content/Controls/ControlRig_Triangle_3mm.uasset" 498
"../../../Engine/Plugins/Animation/ControlRig/Content/Controls/ControlRig_Triangle_3mm.uexp" 499
"../../../Engine/Content/Functions/Engine_MaterialFunctions02/Utility/VectorLength.uasset" 500
"../../../Engine/Content/Functions/Engine_MaterialFunctions02/Utility/VectorLength.uexp" 501
"../../../Engine/Plugins/Experimental/MeshModelingToolsetExp/Content/Materials/GetDisplacementVectorForDepthBias.uasset" 502
"../../../Engine/Plugins/Experimental/MeshModelingToolsetExp/Content/Materials/GetDisplacementVectorForDepthBias.uexp" 503
"../../../Engine/Content/Functions/Engine_MaterialFunctions03/Viewport/MF_OrthoWidth.uasset" 504
"../../../Engine/Content/Functions/Engine_MaterialFunctions03/Viewport/MF_OrthoWidth.uexp" 505
"../../../Engine/Content/Functions/Engine_MaterialFunctions02/Utility/FOV.uasset" 506
"../../../Engine/Content/Functions/Engine_MaterialFunctions02/Utility/FOV.uexp" 507
"../../../Engine/Content/Functions/Engine_MaterialFunctions02/WorldPositionOffset/V2/ObjectScale.uasset" 508
"../../../Engine/Content/Functions/Engine_MaterialFunctions02/WorldPositionOffset/V2/ObjectScale.uexp" 509
"../../../Engine/Plugins/Experimental/MeshModelingToolsetExp/Content/Materials/PointSetOverlaidComponentMaterial.uasset" 510
"../../../Engine/Plugins/Experimental/MeshModelingToolsetExp/Content/Materials/PointSetOverlaidComponentMaterial.uexp" 511
"../../../Engine/Plugins/Animation/ControlRig/Content/Controls/ControlRig_Triangle_solid.ubulk" 512
"../../../Engine/Plugins/Animation/ControlRig/Content/Controls/ControlRig_Triangle_solid.uasset" 513
"../../../Engine/Plugins/Animation/ControlRig/Content/Controls/ControlRig_Triangle_solid.uexp" 514
"../../../Engine/Plugins/Animation/ControlRig/Content/Controls/ControlRig_Wedge_1mm.ubulk" 515
"../../../Engine/Plugins/Animation/ControlRig/Content/Controls/ControlRig_Wedge_1mm.uasset" 516
"../../../Engine/Plugins/Animation/ControlRig/Content/Controls/ControlRig_Wedge_1mm.uexp" 517
"../../../Engine/Plugins/Animation/ControlRig/Content/Controls/ControlRig_Wedge_3mm.ubulk" 518
"../../../Engine/Plugins/Animation/ControlRig/Content/Controls/ControlRig_Wedge_3mm.uasset" 519
"../../../Engine/Plugins/Animation/ControlRig/Content/Controls/ControlRig_Wedge_3mm.uexp" 520
"../../../Engine/Plugins/Animation/ControlRig/Content/Controls/ControlRig_Wedge_solid.ubulk" 521
"../../../Engine/Plugins/Animation/ControlRig/Content/Controls/ControlRig_Wedge_solid.uasset" 522
"../../../Engine/Plugins/Animation/ControlRig/Content/Controls/ControlRig_Wedge_solid.uexp" 523
"../../../Engine/Plugins/Interchange/Assets/Content/Functions/MX_Surface.uasset" 524
"../../../Engine/Plugins/Interchange/Assets/Content/Functions/MX_Surface.uexp" 525
"../../../Engine/Plugins/Interchange/Assets/Content/Functions/MX_SurfaceUnlit.uasset" 526
"../../../Engine/Plugins/Interchange/Assets/Content/Functions/MX_SurfaceUnlit.uexp" 527
"../../../Engine/Plugins/Interchange/Assets/Content/Functions/MX_TranslucentBSDF.uasset" 528
"../../../Engine/Plugins/Interchange/Assets/Content/Functions/MX_TranslucentBSDF.uexp" 529
"../../../Engine/Plugins/Interchange/Assets/Content/Functions/MX_UniformEDF.uasset" 530
"../../../Engine/Plugins/Interchange/Assets/Content/Functions/MX_UniformEDF.uexp" 531
"../../../Engine/Plugins/Interchange/Assets/Content/Functions/MX_UsdPreviewSurface.uasset" 532
"../../../Engine/Plugins/Interchange/Assets/Content/Functions/MX_UsdPreviewSurface.uexp" 533
"../../../Engine/Plugins/Interchange/Assets/Content/Substrate/MX_SimpleVolume.uasset" 534
"../../../Engine/Plugins/Interchange/Assets/Content/Substrate/MX_SimpleVolume.uexp" 535
"../../../Engine/Plugins/Interchange/Assets/Content/Functions/MX_AbsorptionVDF.uasset" 536
"../../../Engine/Plugins/Interchange/Assets/Content/Functions/MX_AbsorptionVDF.uexp" 537
"../../../Engine/Plugins/Interchange/Assets/Content/Functions/MX_AnisotropicVDF.uasset" 538
"../../../Engine/Plugins/Interchange/Assets/Content/Functions/MX_AnisotropicVDF.uexp" 539
"../../../Engine/Plugins/Interchange/Assets/Content/Functions/MX_BurleyDiffuseBSDF.uasset" 540
"../../../Engine/Plugins/Interchange/Assets/Content/Functions/MX_BurleyDiffuseBSDF.uexp" 541
"../../../Engine/Plugins/Interchange/Assets/Content/Functions/MX_ChiangHairBSDF.uasset" 542
"../../../Engine/Plugins/Interchange/Assets/Content/Functions/MX_ChiangHairBSDF.uexp" 543
"../../../Engine/Plugins/Animation/DeformerGraph/Content/DeformerFunctions/DG_Function_LinearBlendSkin_Morph_Cloth.uasset" 544
"../../../Engine/Plugins/Animation/DeformerGraph/Content/DeformerFunctions/DG_Function_LinearBlendSkin_Morph_Cloth.uexp" 545
"../../../Engine/Plugins/Animation/DeformerGraph/Content/Deformers/DG_LinearBlendSkin_Morph_Cloth.uasset" 546
"../../../Engine/Plugins/Animation/DeformerGraph/Content/Deformers/DG_LinearBlendSkin_Morph_Cloth.uexp" 547
"../../../Engine/Plugins/Animation/DeformerGraph/Content/DeformerFunctions/DG_Function_ComputeNormalsTangents.uasset" 548
"../../../Engine/Plugins/Animation/DeformerGraph/Content/DeformerFunctions/DG_Function_ComputeNormalsTangents.uexp" 549
"../../../Engine/Plugins/Animation/DeformerGraph/Content/DeformerFunctions/DG_Function_LinearBlendSkin_Morph_Cloth_PositionOnly.uasset" 550
"../../../Engine/Plugins/Animation/DeformerGraph/Content/DeformerFunctions/DG_Function_LinearBlendSkin_Morph_Cloth_PositionOnly.uexp" 551
"../../../Engine/Plugins/Animation/DeformerGraph/Content/Deformers/DG_LinearBlendSkin_Morph_Cloth_RecomputeNormals.uasset" 552
"../../../Engine/Plugins/Animation/DeformerGraph/Content/Deformers/DG_LinearBlendSkin_Morph_Cloth_RecomputeNormals.uexp" 553
"../../../Engine/Plugins/Interchange/Assets/Content/Functions/MX_ConductorBSDF.uasset" 554
"../../../Engine/Plugins/Interchange/Assets/Content/Functions/MX_ConductorBSDF.uexp" 555
"../../../Engine/Plugins/Interchange/Assets/Content/Functions/MX_ConicalEDF.uasset" 556
"../../../Engine/Plugins/Interchange/Assets/Content/Functions/MX_ConicalEDF.uexp" 557
"../../../Engine/Plugins/Interchange/Assets/Content/Functions/MX_DielectricBSDF.uasset" 558
"../../../Engine/Plugins/Interchange/Assets/Content/Functions/MX_DielectricBSDF.uexp" 559
"../../../Engine/Plugins/Interchange/Assets/Content/Functions/MX_Displacement.uasset" 560
"../../../Engine/Plugins/Interchange/Assets/Content/Functions/MX_Displacement.uexp" 561
"../../../Engine/Plugins/Interchange/Assets/Content/Functions/MX_GeneralizedSchlickBSDF.uasset" 562
"../../../Engine/Plugins/Interchange/Assets/Content/Functions/MX_GeneralizedSchlickBSDF.uexp" 563
"../../../Engine/Plugins/Interchange/Assets/Content/Functions/MX_MeasuredEDF.uasset" 564
"../../../Engine/Plugins/Interchange/Assets/Content/Functions/MX_MeasuredEDF.uexp" 565
"../../../Engine/Plugins/Interchange/Assets/Content/Functions/MF_IridescenceNoLUT.uasset" 566
"../../../Engine/Plugins/Interchange/Assets/Content/Functions/MF_IridescenceNoLUT.uexp" 567
"../../../Engine/Plugins/Interchange/Assets/Content/Functions/MX_StandardSurface.uasset" 568
"../../../Engine/Plugins/Interchange/Assets/Content/Functions/MX_StandardSurface.uexp" 569
"../../../Engine/Plugins/Interchange/Assets/Content/Functions/MX_OpenPBR_Opaque.uasset" 570
"../../../Engine/Plugins/Interchange/Assets/Content/Functions/MX_OpenPBR_Opaque.uexp" 571
"../../../Engine/Plugins/Interchange/Assets/Content/Functions/MX_TransmissionSurface.uasset" 572
"../../../Engine/Plugins/Interchange/Assets/Content/Functions/MX_TransmissionSurface.uexp" 573
"../../../Engine/Plugins/Interchange/Assets/Content/Functions/MX_OpenPBR_Translucent.uasset" 574
"../../../Engine/Plugins/Interchange/Assets/Content/Functions/MX_OpenPBR_Translucent.uexp" 575
"../../../Engine/Plugins/Interchange/Assets/Content/Functions/MX_OrenNayarBSDF.uasset" 576
"../../../Engine/Plugins/Interchange/Assets/Content/Functions/MX_OrenNayarBSDF.uexp" 577
"../../../Engine/Plugins/Interchange/Assets/Content/Functions/MX_SheenBSDF.uasset" 578
"../../../Engine/Plugins/Interchange/Assets/Content/Functions/MX_SheenBSDF.uexp" 579
"../../../Engine/Content/Functions/Engine_MaterialFunctions02/WorldPositionOffset/ObjectScale.uasset" 580
"../../../Engine/Content/Functions/Engine_MaterialFunctions02/WorldPositionOffset/ObjectScale.uexp" 581
"../../../Engine/Plugins/Editor/SpeedTreeImporter/Content/SpeedTree9/Empty.uasset" 582
"../../../Engine/Plugins/Editor/SpeedTreeImporter/Content/SpeedTree9/Empty.uexp" 583
"../../../Engine/Plugins/Editor/SpeedTreeImporter/Content/SpeedTree9/EmptyNormal.uasset" 584
"../../../Engine/Plugins/Editor/SpeedTreeImporter/Content/SpeedTree9/EmptyNormal.uexp" 585
"../../../Engine/Plugins/Editor/SpeedTreeImporter/Content/SpeedTree9/game_wind_noise.ubulk" 586
"../../../Engine/Plugins/Editor/SpeedTreeImporter/Content/SpeedTree9/game_wind_noise.uasset" 587
"../../../Engine/Plugins/Editor/SpeedTreeImporter/Content/SpeedTree9/game_wind_noise.uexp" 588
"../../../Engine/Plugins/Editor/SpeedTreeImporter/Content/SpeedTree9/SpeedTreeBillboard.uasset" 589
"../../../Engine/Plugins/Editor/SpeedTreeImporter/Content/SpeedTree9/SpeedTreeBillboard.uexp" 590
"../../../Engine/Content/Functions/Engine_MaterialFunctions02/SafeNormalize.uasset" 591
"../../../Engine/Content/Functions/Engine_MaterialFunctions02/SafeNormalize.uexp" 592
"../../../Engine/Plugins/Editor/SpeedTreeImporter/Content/SpeedTree9/SpeedTreeWindMotion.uasset" 593
"../../../Engine/Plugins/Editor/SpeedTreeImporter/Content/SpeedTree9/SpeedTreeWindMotion.uexp" 594
"../../../Engine/Plugins/Editor/SpeedTreeImporter/Content/SpeedTree9/UnpackDirection.uasset" 595
"../../../Engine/Plugins/Editor/SpeedTreeImporter/Content/SpeedTree9/UnpackDirection.uexp" 596
"../../../Engine/Plugins/Editor/SpeedTreeImporter/Content/SpeedTree9/UnpackInteger3.uasset" 597
"../../../Engine/Plugins/Editor/SpeedTreeImporter/Content/SpeedTree9/UnpackInteger3.uexp" 598
"../../../Engine/Plugins/Editor/SpeedTreeImporter/Content/SpeedTree9/SpeedTreeBranchMotion.uasset" 599
"../../../Engine/Plugins/Editor/SpeedTreeImporter/Content/SpeedTree9/SpeedTreeBranchMotion.uexp" 600
"../../../Engine/Content/Functions/Engine_MaterialFunctions02/ObjectLocalBounds.uasset" 601
"../../../Engine/Content/Functions/Engine_MaterialFunctions02/ObjectLocalBounds.uexp" 602
"../../../Engine/Content/Functions/Engine_MaterialFunctions02/UVs/BoundingBoxBased_0-1_UVW.uasset" 603
"../../../Engine/Content/Functions/Engine_MaterialFunctions02/UVs/BoundingBoxBased_0-1_UVW.uexp" 604
"../../../Engine/Plugins/Editor/SpeedTreeImporter/Content/SpeedTree9/SpeedTreeWind.uasset" 605
"../../../Engine/Plugins/Editor/SpeedTreeImporter/Content/SpeedTree9/SpeedTreeWind.uexp" 606
"../../../Engine/Plugins/Editor/SpeedTreeImporter/Content/SpeedTree9/SpeedTreeBillboardMaster.uasset" 607
"../../../Engine/Plugins/Editor/SpeedTreeImporter/Content/SpeedTree9/SpeedTreeBillboardMaster.uexp" 608
"../../../Engine/Plugins/Interchange/Assets/Content/Functions/MX_SubsurfaceBSDF.uasset" 609
"../../../Engine/Plugins/Interchange/Assets/Content/Functions/MX_SubsurfaceBSDF.uexp" 610
"../../../Engine/Plugins/Editor/SpeedTreeImporter/Content/SpeedTree9/SpeedTreeCameraFacing.uasset" 611
"../../../Engine/Plugins/Editor/SpeedTreeImporter/Content/SpeedTree9/SpeedTreeCameraFacing.uexp" 612
"../../../Engine/Plugins/Editor/SpeedTreeImporter/Content/SpeedTree9/SpeedTreeMaster.uasset" 613
"../../../Engine/Plugins/Editor/SpeedTreeImporter/Content/SpeedTree9/SpeedTreeMaster.uexp" 614
"../../../Engine/Plugins/Runtime/AudioWidgets/Content/Resources/ScrubHandleDown_Clamped.uasset" 615
"../../../Engine/Plugins/Runtime/AudioWidgets/Content/Resources/ScrubHandleDown_Clamped.uexp" 616
"../../../Engine/Plugins/Runtime/HairStrands/Content/Materials/HairCardsDefaultMaterial.uasset" 617
"../../../Engine/Plugins/Runtime/HairStrands/Content/Materials/HairCardsDefaultMaterial.uexp" 618
"../../../Engine/Content/Functions/Engine_MaterialFunctions02/Utility/MakeFloat2.uasset" 619
"../../../Engine/Content/Functions/Engine_MaterialFunctions02/Utility/MakeFloat2.uexp" 620
"../../../Engine/Content/EngineMaterials/HairColorMap.uasset" 621
"../../../Engine/Content/EngineMaterials/HairColorMap.uexp" 622
"../../../Engine/Content/EngineMaterials/HairDebugColor.uasset" 623
"../../../Engine/Content/EngineMaterials/HairDebugColor.uexp" 624
"../../../Engine/Plugins/Runtime/HairStrands/Content/Materials/HairGroupColors.uasset" 625
"../../../Engine/Plugins/Runtime/HairStrands/Content/Materials/HairGroupColors.uexp" 626
"../../../Engine/Plugins/Runtime/HairStrands/Content/Materials/HairDebugMaterial.uasset" 627
"../../../Engine/Plugins/Runtime/HairStrands/Content/Materials/HairDebugMaterial.uexp" 628
"../../../Engine/Plugins/Runtime/HairStrands/Content/Materials/HairDefaultMaterial.uasset" 629
"../../../Engine/Plugins/Runtime/HairStrands/Content/Materials/HairDefaultMaterial.uexp" 630
"../../../Engine/Plugins/Runtime/HairStrands/Content/Materials/HairMeshesDefaultMaterial.uasset" 631
"../../../Engine/Plugins/Runtime/HairStrands/Content/Materials/HairMeshesDefaultMaterial.uexp" 632
"../../../Engine/Content/EditorMaterials/Dataflow/DataflowTwoSidedVertexMaterial.uasset" 633
"../../../Engine/Content/EditorMaterials/Dataflow/DataflowTwoSidedVertexMaterial.uexp" 634
"../../../Engine/Content/EditorMaterials/Dataflow/DataflowVertexMaterial.uasset" 635
"../../../Engine/Content/EditorMaterials/Dataflow/DataflowVertexMaterial.uexp" 636
"../../../Engine/Content/EditorMaterials/ParticleSystems/PSysThumbnail_NoImage.ubulk" 637
"../../../Engine/Content/EditorMaterials/ParticleSystems/PSysThumbnail_NoImage.uasset" 638
"../../../Engine/Content/EditorMaterials/ParticleSystems/PSysThumbnail_NoImage.uexp" 639
"../../../Engine/Content/EditorMaterials/ParticleSystems/PSysThumbnail_OOD.ubulk" 640
"../../../Engine/Content/EditorMaterials/ParticleSystems/PSysThumbnail_OOD.uasset" 641
"../../../Engine/Content/EditorMaterials/ParticleSystems/PSysThumbnail_OOD.uexp" 642
"../../../Engine/Content/EditorMaterials/Camera/CineMat.uasset" 643
"../../../Engine/Content/EditorMaterials/Camera/CineMat.uexp" 644
"../../../Engine/Content/EditorMaterials/Camera/MI_CineMat_Rig.uasset" 645
"../../../Engine/Content/EditorMaterials/Camera/MI_CineMat_Rig.uexp" 646
"../../../Engine/Content/EditorMeshes/Camera/SM_CraneRig_Arm.ubulk" 647
"../../../Engine/Content/EditorMeshes/Camera/SM_CraneRig_Arm.uasset" 648
"../../../Engine/Content/EditorMeshes/Camera/SM_CraneRig_Arm.uexp" 649
"../../../Engine/Content/EditorMeshes/Camera/SM_CraneRig_Base.ubulk" 650
"../../../Engine/Content/EditorMeshes/Camera/SM_CraneRig_Base.uasset" 651
"../../../Engine/Content/EditorMeshes/Camera/SM_CraneRig_Base.uexp" 652
"../../../Engine/Content/EditorMeshes/Camera/SM_CraneRig_Body.ubulk" 653
"../../../Engine/Content/EditorMeshes/Camera/SM_CraneRig_Body.uasset" 654
"../../../Engine/Content/EditorMeshes/Camera/SM_CraneRig_Body.uexp" 655
"../../../Engine/Content/EditorMeshes/Camera/SM_CraneRig_Mount.ubulk" 656
"../../../Engine/Content/EditorMeshes/Camera/SM_CraneRig_Mount.uasset" 657
"../../../Engine/Content/EditorMeshes/Camera/SM_CraneRig_Mount.uexp" 658
"../../../Engine/Content/EditorMeshes/Camera/SM_RailRig_Mount.ubulk" 659
"../../../Engine/Content/EditorMeshes/Camera/SM_RailRig_Mount.uasset" 660
"../../../Engine/Content/EditorMeshes/Camera/SM_RailRig_Mount.uexp" 661
"../../../Engine/Content/EditorMeshes/Camera/SM_RailRig_Track.ubulk" 662
"../../../Engine/Content/EditorMeshes/Camera/SM_RailRig_Track.uasset" 663
"../../../Engine/Content/EditorMeshes/Camera/SM_RailRig_Track.uexp" 664
"../../../Engine/Content/EngineMaterials/EnergyConservation/Diffuse_Energy.uasset" 665
"../../../Engine/Content/EngineMaterials/EnergyConservation/Diffuse_Energy.uexp" 666
"../../../Engine/Content/EngineMaterials/EnergyConservation/GGX_ReflectionEnergy.uasset" 667
"../../../Engine/Content/EngineMaterials/EnergyConservation/GGX_ReflectionEnergy.uexp" 668
"../../../Engine/Content/EngineMaterials/EnergyConservation/GGX_TransmissionEnergyArray.uasset" 669
"../../../Engine/Content/EngineMaterials/EnergyConservation/GGX_TransmissionEnergyArray.uexp" 670
"../../../Engine/Content/EngineMaterials/EnergyConservation/SheenLegacy_Energy.uasset" 671
"../../../Engine/Content/EngineMaterials/EnergyConservation/SheenLegacy_Energy.uexp" 672
"../../../Engine/Content/EngineMaterials/EnergyConservation/Sheen_Energy.uasset" 673
"../../../Engine/Content/EngineMaterials/EnergyConservation/Sheen_Energy.uexp" 674
"../../../Engine/Content/EngineMaterials/LTC/GGX_LTCAmp.uasset" 675
"../../../Engine/Content/EngineMaterials/LTC/GGX_LTCAmp.uexp" 676
"../../../Engine/Content/EngineMaterials/LTC/GGX_LTCMat.uasset" 677
"../../../Engine/Content/EngineMaterials/LTC/GGX_LTCMat.uexp" 678
"../../../Engine/Content/EditorResources/SequenceRecorder/Countdown.uasset" 679
"../../../Engine/Content/EditorResources/SequenceRecorder/Countdown.uexp" 680
"../../../Engine/Content/EngineMaterials/LTC/Sheen_LTC.uasset" 681
"../../../Engine/Content/EngineMaterials/LTC/Sheen_LTC.uexp" 682
"../../../Engine/Content/EditorResources/SequenceRecorder/RecordingIndicator.uasset" 683
"../../../Engine/Content/EditorResources/SequenceRecorder/RecordingIndicator.uexp" 684
"../../../Engine/Content/EngineResources/Development/ZenLogo_64.uasset" 685
"../../../Engine/Content/EngineResources/Development/ZenLogo_64.uexp" 686
"../../../Engine/Content/EngineResources/FilmGrains/Marcie_Grain_v3_128_M2_000.uasset" 687
"../../../Engine/Content/EngineResources/FilmGrains/Marcie_Grain_v3_128_M2_000.uexp" 688
"../../../Engine/Content/VREditor/TransformGizmo/BoundingBoxCorner.ubulk" 689
"../../../Engine/Content/VREditor/TransformGizmo/BoundingBoxCorner.uasset" 690
"../../../Engine/Content/VREditor/TransformGizmo/BoundingBoxCorner.uexp" 691
"../../../Engine/Content/VREditor/TransformGizmo/BoundingBoxEdge.ubulk" 692
"../../../Engine/Content/VREditor/TransformGizmo/BoundingBoxEdge.uasset" 693
"../../../Engine/Content/VREditor/TransformGizmo/BoundingBoxEdge.uexp" 694
"../../../Engine/Content/Functions/Engine_MaterialFunctions01/Texturing/FlattenNormal.uasset" 695
"../../../Engine/Content/Functions/Engine_MaterialFunctions01/Texturing/FlattenNormal.uexp" 696
"../../../Engine/Plugins/Interchange/Assets/Content/Utilities/New_LUT.uasset" 697
"../../../Engine/Plugins/Interchange/Assets/Content/Utilities/New_LUT.uexp" 698
"../../../Engine/Content/Functions/Engine_MaterialFunctions03/Math/RemapValueRange.uasset" 699
"../../../Engine/Content/Functions/Engine_MaterialFunctions03/Math/RemapValueRange.uexp" 700
"../../../Engine/Plugins/Interchange/Assets/Content/Functions/MF_Iridescence.uasset" 701
"../../../Engine/Plugins/Interchange/Assets/Content/Functions/MF_Iridescence.uexp" 702
"../../../Engine/Plugins/Interchange/Assets/Content/gltf/Textures/T_White_srgb.uasset" 703
"../../../Engine/Plugins/Interchange/Assets/Content/gltf/Textures/T_White_srgb.uexp" 704
"../../../Engine/Plugins/Interchange/Assets/Content/gltf/MaterialFunctions/MF_BaseColor.uasset" 705
"../../../Engine/Plugins/Interchange/Assets/Content/gltf/MaterialFunctions/MF_BaseColor.uexp" 706
"../../../Engine/Plugins/Interchange/Assets/Content/gltf/MaterialFunctions/MF_RotateNormals_TS.uasset" 707
"../../../Engine/Plugins/Interchange/Assets/Content/gltf/MaterialFunctions/MF_RotateNormals_TS.uexp" 708
"../../../Engine/Plugins/Interchange/Assets/Content/gltf/Textures/T_Generic_N.uasset" 709
"../../../Engine/Plugins/Interchange/Assets/Content/gltf/Textures/T_Generic_N.uexp" 710
"../../../Engine/Plugins/Interchange/Assets/Content/gltf/Textures/T_White_Linear.uasset" 711
"../../../Engine/Plugins/Interchange/Assets/Content/gltf/Textures/T_White_Linear.uexp" 712
"../../../Engine/Plugins/Interchange/Assets/Content/gltf/MaterialFunctions/MF_Clearcoat.uasset" 713
"../../../Engine/Plugins/Interchange/Assets/Content/gltf/MaterialFunctions/MF_Clearcoat.uexp" 714
"../../../Engine/Plugins/Interchange/Assets/Content/gltf/MaterialFunctions/MF_Emissive.uasset" 715
"../../../Engine/Plugins/Interchange/Assets/Content/gltf/MaterialFunctions/MF_Emissive.uexp" 716
"../../../Engine/Plugins/Interchange/Assets/Content/gltf/MaterialFunctions/MF_IOR.uasset" 717
"../../../Engine/Plugins/Interchange/Assets/Content/gltf/MaterialFunctions/MF_IOR.uexp" 718
"../../../Engine/Plugins/Interchange/Assets/Content/gltf/MaterialFunctions/MF_Iridescence.uasset" 719
"../../../Engine/Plugins/Interchange/Assets/Content/gltf/MaterialFunctions/MF_Iridescence.uexp" 720
"../../../Engine/Plugins/Interchange/Assets/Content/gltf/MaterialFunctions/MF_MetallicRoughness.uasset" 721
"../../../Engine/Plugins/Interchange/Assets/Content/gltf/MaterialFunctions/MF_MetallicRoughness.uexp" 722
"../../../Engine/Plugins/Interchange/Assets/Content/gltf/MaterialFunctions/MF_ScaleNormal.uasset" 723
"../../../Engine/Plugins/Interchange/Assets/Content/gltf/MaterialFunctions/MF_ScaleNormal.uexp" 724
"../../../Engine/Plugins/Interchange/Assets/Content/gltf/MaterialFunctions/MF_Normals.uasset" 725
"../../../Engine/Plugins/Interchange/Assets/Content/gltf/MaterialFunctions/MF_Normals.uexp" 726
"../../../Engine/Plugins/Interchange/Assets/Content/gltf/MaterialFunctions/MF_Occlusion.uasset" 727
"../../../Engine/Plugins/Interchange/Assets/Content/gltf/MaterialFunctions/MF_Occlusion.uexp" 728
"../../../Engine/Plugins/Interchange/Assets/Content/gltf/MaterialFunctions/MF_Specular.uasset" 729
"../../../Engine/Plugins/Interchange/Assets/Content/gltf/MaterialFunctions/MF_Specular.uexp" 730
"../../../Engine/Plugins/Interchange/Assets/Content/gltf/Textures/T_Anisotropy_Direction_Linear.uasset" 731
"../../../Engine/Plugins/Interchange/Assets/Content/gltf/Textures/T_Anisotropy_Direction_Linear.uexp" 732
"../../../Engine/Plugins/Interchange/Assets/Content/gltf/MaterialFunctions/MF_SpecularAnisotropy.uasset" 733
"../../../Engine/Plugins/Interchange/Assets/Content/gltf/MaterialFunctions/MF_SpecularAnisotropy.uexp" 734
"../../../Engine/Plugins/Interchange/Assets/Content/gltf/MaterialFunctions/MF_RotateV2.uasset" 735
"../../../Engine/Plugins/Interchange/Assets/Content/gltf/MaterialFunctions/MF_RotateV2.uexp" 736
"../../../Engine/Plugins/Interchange/Assets/Content/gltf/MaterialFunctions/MF_TransformUVs.uasset" 737
"../../../Engine/Plugins/Interchange/Assets/Content/gltf/MaterialFunctions/MF_TransformUVs.uexp" 738
"../../../Engine/Plugins/Interchange/Assets/Content/gltf/MaterialBodies/MF_ClearCoat_Body.uasset" 739
"../../../Engine/Plugins/Interchange/Assets/Content/gltf/MaterialBodies/MF_ClearCoat_Body.uexp" 740
"../../../Engine/Plugins/Interchange/Assets/Content/gltf/M_ClearCoat.uasset" 741
"../../../Engine/Plugins/Interchange/Assets/Content/gltf/M_ClearCoat.uexp" 742
"../../../Engine/Plugins/Interchange/Assets/Content/gltf/MaterialInstances/MI_ClearCoat_Blend.uasset" 743
"../../../Engine/Plugins/Interchange/Assets/Content/gltf/MaterialInstances/MI_ClearCoat_Blend.uexp" 744
"../../../Engine/Plugins/Interchange/Assets/Content/gltf/MaterialInstances/MI_ClearCoat_Blend_DS.uasset" 745
"../../../Engine/Plugins/Interchange/Assets/Content/gltf/MaterialInstances/MI_ClearCoat_Blend_DS.uexp" 746
"../../../Engine/Plugins/Interchange/Assets/Content/gltf/MaterialInstances/MI_ClearCoat_Mask.uasset" 747
"../../../Engine/Plugins/Interchange/Assets/Content/gltf/MaterialInstances/MI_ClearCoat_Mask.uexp" 748
"../../../Engine/Plugins/Interchange/Assets/Content/gltf/MaterialInstances/MI_ClearCoat_Mask_DS.uasset" 749
"../../../Engine/Plugins/Interchange/Assets/Content/gltf/MaterialInstances/MI_ClearCoat_Mask_DS.uexp" 750
"../../../Engine/Plugins/Interchange/Assets/Content/gltf/MaterialInstances/MI_ClearCoat_Opaque.uasset" 751
"../../../Engine/Plugins/Interchange/Assets/Content/gltf/MaterialInstances/MI_ClearCoat_Opaque.uexp" 752
"../../../Engine/Plugins/Interchange/Assets/Content/gltf/MaterialInstances/MI_ClearCoat_Opaque_DS.uasset" 753
"../../../Engine/Plugins/Interchange/Assets/Content/gltf/MaterialInstances/MI_ClearCoat_Opaque_DS.uexp" 754
"../../../Engine/Plugins/Interchange/Assets/Content/gltf/MaterialBodies/MF_Default_Body.uasset" 755
"../../../Engine/Plugins/Interchange/Assets/Content/gltf/MaterialBodies/MF_Default_Body.uexp" 756
"../../../Engine/Plugins/Interchange/Assets/Content/gltf/M_Default.uasset" 757
"../../../Engine/Plugins/Interchange/Assets/Content/gltf/M_Default.uexp" 758
"../../../Engine/Plugins/Interchange/Assets/Content/gltf/MaterialInstances/MI_Default_Blend.uasset" 759
"../../../Engine/Plugins/Interchange/Assets/Content/gltf/MaterialInstances/MI_Default_Blend.uexp" 760
"../../../Engine/Plugins/Interchange/Assets/Content/gltf/MaterialInstances/MI_Default_Blend_DS.uasset" 761
"../../../Engine/Plugins/Interchange/Assets/Content/gltf/MaterialInstances/MI_Default_Blend_DS.uexp" 762
"../../../Engine/Plugins/Interchange/Assets/Content/gltf/MaterialInstances/MI_Default_Mask.uasset" 763
"../../../Engine/Plugins/Interchange/Assets/Content/gltf/MaterialInstances/MI_Default_Mask.uexp" 764
"../../../Engine/Plugins/Interchange/Assets/Content/gltf/MaterialInstances/MI_Default_Mask_DS.uasset" 765
"../../../Engine/Plugins/Interchange/Assets/Content/gltf/MaterialInstances/MI_Default_Mask_DS.uexp" 766
"../../../Engine/Plugins/Interchange/Assets/Content/gltf/MaterialInstances/MI_Default_Opaque.uasset" 767
"../../../Engine/Plugins/Interchange/Assets/Content/gltf/MaterialInstances/MI_Default_Opaque.uexp" 768
"../../../Engine/Plugins/Interchange/Assets/Content/gltf/MaterialInstances/MI_Default_Opaque_DS.uasset" 769
"../../../Engine/Plugins/Interchange/Assets/Content/gltf/MaterialInstances/MI_Default_Opaque_DS.uexp" 770
"../../../Engine/Plugins/Interchange/Assets/Content/gltf/MaterialFunctions/MF_Sheen.uasset" 771
"../../../Engine/Plugins/Interchange/Assets/Content/gltf/MaterialFunctions/MF_Sheen.uexp" 772
"../../../Engine/Plugins/Interchange/Assets/Content/gltf/MaterialBodies/MF_Sheen_Body.uasset" 773
"../../../Engine/Plugins/Interchange/Assets/Content/gltf/MaterialBodies/MF_Sheen_Body.uexp" 774
"../../../Engine/Plugins/Interchange/Assets/Content/gltf/M_Sheen.uasset" 775
"../../../Engine/Plugins/Interchange/Assets/Content/gltf/M_Sheen.uexp" 776
"../../../Engine/Plugins/Interchange/Assets/Content/gltf/MaterialInstances/MI_Sheen_Blend.uasset" 777
"../../../Engine/Plugins/Interchange/Assets/Content/gltf/MaterialInstances/MI_Sheen_Blend.uexp" 778
"../../../Engine/Plugins/Interchange/Assets/Content/gltf/MaterialInstances/MI_Sheen_Blend_DS.uasset" 779
"../../../Engine/Plugins/Interchange/Assets/Content/gltf/MaterialInstances/MI_Sheen_Blend_DS.uexp" 780
"../../../Engine/Plugins/Interchange/Assets/Content/gltf/MaterialInstances/MI_Sheen_Mask.uasset" 781
"../../../Engine/Plugins/Interchange/Assets/Content/gltf/MaterialInstances/MI_Sheen_Mask.uexp" 782
"../../../Engine/Plugins/Interchange/Assets/Content/gltf/MaterialInstances/MI_Sheen_Mask_DS.uasset" 783
"../../../Engine/Plugins/Interchange/Assets/Content/gltf/MaterialInstances/MI_Sheen_Mask_DS.uexp" 784
"../../../Engine/Plugins/Interchange/Assets/Content/gltf/MaterialInstances/MI_Sheen_Opaque.uasset" 785
"../../../Engine/Plugins/Interchange/Assets/Content/gltf/MaterialInstances/MI_Sheen_Opaque.uexp" 786
"../../../Engine/Plugins/Interchange/Assets/Content/gltf/MaterialInstances/MI_Sheen_Opaque_DS.uasset" 787
"../../../Engine/Plugins/Interchange/Assets/Content/gltf/MaterialInstances/MI_Sheen_Opaque_DS.uexp" 788
"../../../Engine/Plugins/Interchange/Assets/Content/gltf/MaterialFunctions/MF_DiffuseSpecGloss.uasset" 789
"../../../Engine/Plugins/Interchange/Assets/Content/gltf/MaterialFunctions/MF_DiffuseSpecGloss.uexp" 790
"../../../Engine/Plugins/Interchange/Assets/Content/gltf/MaterialFunctions/MF_MaxComponentValue.uasset" 791
"../../../Engine/Plugins/Interchange/Assets/Content/gltf/MaterialFunctions/MF_MaxComponentValue.uexp" 792
"../../../Engine/Content/Functions/Engine_MaterialFunctions02/Math/AddComponents.uasset" 793
"../../../Engine/Content/Functions/Engine_MaterialFunctions02/Math/AddComponents.uexp" 794
"../../../Engine/Plugins/Interchange/Assets/Content/gltf/MaterialFunctions/MF_PerceivedBrightness.uasset" 795
"../../../Engine/Plugins/Interchange/Assets/Content/gltf/MaterialFunctions/MF_PerceivedBrightness.uexp" 796
"../../../Engine/Plugins/Interchange/Assets/Content/gltf/MaterialFunctions/MF_SpecGlossToMetalRoughness.uasset" 797
"../../../Engine/Plugins/Interchange/Assets/Content/gltf/MaterialFunctions/MF_SpecGlossToMetalRoughness.uexp" 798
"../../../Engine/Plugins/Interchange/Assets/Content/gltf/MaterialBodies/MF_SpecularGlossiness_Body.uasset" 799
"../../../Engine/Plugins/Interchange/Assets/Content/gltf/MaterialBodies/MF_SpecularGlossiness_Body.uexp" 800
"../../../Engine/Plugins/Interchange/Assets/Content/gltf/M_SpecularGlossiness.uasset" 801
"../../../Engine/Plugins/Interchange/Assets/Content/gltf/M_SpecularGlossiness.uexp" 802
"../../../Engine/Plugins/Interchange/Assets/Content/gltf/MaterialInstances/MI_SpecularGlossiness_Blend.uasset" 803
"../../../Engine/Plugins/Interchange/Assets/Content/gltf/MaterialInstances/MI_SpecularGlossiness_Blend.uexp" 804
"../../../Engine/Plugins/Interchange/Assets/Content/gltf/MaterialInstances/MI_SpecularGlossiness_Blend_DS.uasset" 805
"../../../Engine/Plugins/Interchange/Assets/Content/gltf/MaterialInstances/MI_SpecularGlossiness_Blend_DS.uexp" 806
"../../../Engine/Plugins/Interchange/Assets/Content/gltf/MaterialInstances/MI_SpecularGlossiness_Mask.uasset" 807
"../../../Engine/Plugins/Interchange/Assets/Content/gltf/MaterialInstances/MI_SpecularGlossiness_Mask.uexp" 808
"../../../Engine/Plugins/Interchange/Assets/Content/gltf/MaterialInstances/MI_SpecularGlossiness_Mask_DS.uasset" 809
"../../../Engine/Plugins/Interchange/Assets/Content/gltf/MaterialInstances/MI_SpecularGlossiness_Mask_DS.uexp" 810
"../../../Engine/Plugins/Interchange/Assets/Content/gltf/MaterialInstances/MI_SpecularGlossiness_Opaque.uasset" 811
"../../../Engine/Plugins/Interchange/Assets/Content/gltf/MaterialInstances/MI_SpecularGlossiness_Opaque.uexp" 812
"../../../Engine/Plugins/Interchange/Assets/Content/gltf/MaterialInstances/MI_SpecularGlossiness_Opaque_DS.uasset" 813
"../../../Engine/Plugins/Interchange/Assets/Content/gltf/MaterialInstances/MI_SpecularGlossiness_Opaque_DS.uexp" 814
"../../../Engine/Content/EngineMaterials/Good64x64TilingNoiseHighFreq.uasset" 815
"../../../Engine/Content/EngineMaterials/Good64x64TilingNoiseHighFreq.uexp" 816
"../../../Engine/Content/Functions/Engine_MaterialFunctions02/Texturing/ScreenAlignedPixelToPixelUVs.uasset" 817
"../../../Engine/Content/Functions/Engine_MaterialFunctions02/Texturing/ScreenAlignedPixelToPixelUVs.uexp" 818
"../../../Engine/Plugins/Interchange/Assets/Content/gltf/MaterialFunctions/MF_Fresnel_DS.uasset" 819
"../../../Engine/Plugins/Interchange/Assets/Content/gltf/MaterialFunctions/MF_Fresnel_DS.uexp" 820
"../../../Engine/Plugins/Interchange/Assets/Content/gltf/MaterialFunctions/MF_Temporal_Blur.uasset" 821
"../../../Engine/Plugins/Interchange/Assets/Content/gltf/MaterialFunctions/MF_Temporal_Blur.uexp" 822
"../../../Engine/Plugins/Interchange/Assets/Content/gltf/MaterialFunctions/MF_Transmission.uasset" 823
"../../../Engine/Plugins/Interchange/Assets/Content/gltf/MaterialFunctions/MF_Transmission.uexp" 824
"../../../Engine/Plugins/Interchange/Assets/Content/gltf/MaterialBodies/MF_Transmission_Body.uasset" 825
"../../../Engine/Plugins/Interchange/Assets/Content/gltf/MaterialBodies/MF_Transmission_Body.uexp" 826
"../../../Engine/Plugins/Interchange/Assets/Content/gltf/M_Transmission.uasset" 827
"../../../Engine/Plugins/Interchange/Assets/Content/gltf/M_Transmission.uexp" 828
"../../../Engine/Plugins/Interchange/Assets/Content/gltf/MaterialInstances/MI_Transmission.uasset" 829
"../../../Engine/Plugins/Interchange/Assets/Content/gltf/MaterialInstances/MI_Transmission.uexp" 830
"../../../Engine/Plugins/Interchange/Assets/Content/gltf/MaterialInstances/MI_Transmission_DS.uasset" 831
"../../../Engine/Plugins/Interchange/Assets/Content/gltf/MaterialInstances/MI_Transmission_DS.uexp" 832
"../../../Engine/Plugins/Interchange/Assets/Content/gltf/MaterialBodies/MF_Unlit_Body.uasset" 833
"../../../Engine/Plugins/Interchange/Assets/Content/gltf/MaterialBodies/MF_Unlit_Body.uexp" 834
"../../../Engine/Plugins/Interchange/Assets/Content/gltf/M_Unlit.uasset" 835
"../../../Engine/Plugins/Interchange/Assets/Content/gltf/M_Unlit.uexp" 836
"../../../Engine/Plugins/Interchange/Assets/Content/gltf/MaterialInstances/MI_Unlit_Blend.uasset" 837
"../../../Engine/Plugins/Interchange/Assets/Content/gltf/MaterialInstances/MI_Unlit_Blend.uexp" 838
"../../../Engine/Plugins/Interchange/Assets/Content/gltf/MaterialInstances/MI_Unlit_Blend_DS.uasset" 839
"../../../Engine/Plugins/Interchange/Assets/Content/gltf/MaterialInstances/MI_Unlit_Blend_DS.uexp" 840
"../../../Engine/Plugins/Interchange/Assets/Content/gltf/MaterialInstances/MI_Unlit_Mask.uasset" 841
"../../../Engine/Plugins/Interchange/Assets/Content/gltf/MaterialInstances/MI_Unlit_Mask.uexp" 842
"../../../Engine/Plugins/Interchange/Assets/Content/gltf/MaterialInstances/MI_Unlit_Mask_DS.uasset" 843
"../../../Engine/Plugins/Interchange/Assets/Content/gltf/MaterialInstances/MI_Unlit_Mask_DS.uexp" 844
"../../../Engine/Plugins/Interchange/Assets/Content/gltf/MaterialInstances/MI_Unlit_Opaque.uasset" 845
"../../../Engine/Plugins/Interchange/Assets/Content/gltf/MaterialInstances/MI_Unlit_Opaque.uexp" 846
"../../../Engine/Plugins/Interchange/Assets/Content/gltf/MaterialInstances/MI_Unlit_Opaque_DS.uasset" 847
"../../../Engine/Plugins/Interchange/Assets/Content/gltf/MaterialInstances/MI_Unlit_Opaque_DS.uexp" 848
"C:/Users/marco/Documents/Unreal Projects/RagingEngineZ/Content/Blueprints/GameMode/BP_GameMode.uasset" 849
"C:/Users/marco/Documents/Unreal Projects/RagingEngineZ/Content/Blueprints/GameMode/BP_GameMode.uexp" 850
"../../../Engine/Content/ArtTools/RenderToTexture/Meshes/S_1_Unit_Plane.ubulk" 851
"../../../Engine/Content/ArtTools/RenderToTexture/Meshes/S_1_Unit_Plane.uasset" 852
"../../../Engine/Content/ArtTools/RenderToTexture/Meshes/S_1_Unit_Plane.uexp" 853
"../../../Engine/Content/EngineMaterials/Substrate/GLints/AGlintTex2dArray.uasset" 854
"../../../Engine/Content/EngineMaterials/Substrate/GLints/AGlintTex2dArray.uexp" 855
"../../../Engine/Content/EngineMaterials/Substrate/Glints2/AGlintTex2dArray2.uasset" 856
"../../../Engine/Content/EngineMaterials/Substrate/Glints2/AGlintTex2dArray2.uexp" 857
"../../../Engine/Content/Functions/Engine_MaterialFunctions01/Shading/ConvertFromDiffSpec.uasset" 858
"../../../Engine/Content/Functions/Engine_MaterialFunctions01/Shading/ConvertFromDiffSpec.uexp" 859
"../../../Engine/Content/EngineMaterials/Substrate/Volume/SubstrateSimpleVolumeEnvLUT3D.uasset" 860
"../../../Engine/Content/EngineMaterials/Substrate/Volume/SubstrateSimpleVolumeEnvLUT3D.uexp" 861
"../../../Engine/Content/EngineMaterials/Substrate/Volume/SubstrateSimpleVolumeLUT3D.uasset" 862
"../../../Engine/Content/EngineMaterials/Substrate/Volume/SubstrateSimpleVolumeLUT3D.uexp" 863
"../../../Engine/Content/Functions/Engine_MaterialFunctions01/Shading/PowerToRoughness.uasset" 864
"../../../Engine/Content/Functions/Engine_MaterialFunctions01/Shading/PowerToRoughness.uexp" 865
"../../../Engine/Content/EngineMaterials/DefaultMaterial.uasset" 866
"../../../Engine/Content/EngineMaterials/DefaultMaterial.uexp" 867
"../../../Engine/Content/BasicShapes/Cone.ubulk" 868
"../../../Engine/Content/BasicShapes/Cone.uasset" 869
"../../../Engine/Content/BasicShapes/Cone.uexp" 870
"../../../Engine/Content/Maps/Entry_BuiltData.uasset" 871
"../../../Engine/Content/Maps/Entry_BuiltData.uexp" 872
"../../../Engine/Content/Maps/Entry.uexp" 873
"../../../Engine/Content/Maps/Entry.umap" 874
"../../../Engine/Content/EngineSky/T_Sky_Blue.ubulk" 875
"../../../Engine/Content/EngineSky/T_Sky_Blue.uasset" 876
"../../../Engine/Content/EngineSky/T_Sky_Blue.uexp" 877
"../../../Engine/Content/EngineSky/T_Sky_Clouds_M.ubulk" 878
"../../../Engine/Content/EngineSky/T_Sky_Clouds_M.uasset" 879
"../../../Engine/Content/EngineSky/T_Sky_Clouds_M.uexp" 880
"../../../Engine/Content/EngineSky/T_Sky_Stars.ubulk" 881
"../../../Engine/Content/EngineSky/T_Sky_Stars.uasset" 882
"../../../Engine/Content/EngineSky/T_Sky_Stars.uexp" 883
"../../../Engine/Content/EngineSky/M_Sky_Panning_Clouds2.uasset" 884
"../../../Engine/Content/EngineSky/M_Sky_Panning_Clouds2.uexp" 885
"../../../Engine/Content/EngineSky/SM_SkySphere.ubulk" 886
"../../../Engine/Content/EngineSky/SM_SkySphere.uasset" 887
"../../../Engine/Content/EngineSky/SM_SkySphere.uexp" 888
"../../../Engine/Content/EngineSky/M_SimpleSkyDome.uasset" 889
"../../../Engine/Content/EngineSky/M_SimpleSkyDome.uexp" 890
"../../../Engine/Content/BasicShapes/Cube.ubulk" 891
"../../../Engine/Content/BasicShapes/Cube.uasset" 892
"../../../Engine/Content/BasicShapes/Cube.uexp" 893
"C:/Users/marco/Documents/Unreal Projects/RagingEngineZ/Content/Inputs/BP_CarController.uasset" 894
"C:/Users/marco/Documents/Unreal Projects/RagingEngineZ/Content/Inputs/BP_CarController.uexp" 895
"C:/Users/marco/Documents/Unreal Projects/RagingEngineZ/Content/Inputs/IA_Move.uasset" 896
"C:/Users/marco/Documents/Unreal Projects/RagingEngineZ/Content/Inputs/IA_Move.uexp" 897
"C:/Users/marco/Documents/Unreal Projects/RagingEngineZ/Content/Inputs/IMC_CarMovement.uasset" 898
"C:/Users/marco/Documents/Unreal Projects/RagingEngineZ/Content/Inputs/IMC_CarMovement.uexp" 899
"C:/Users/marco/Documents/Unreal Projects/RagingEngineZ/Content/Textures/Car/BP_Car_standardSurface1_BaseColor.ubulk" 900
"C:/Users/marco/Documents/Unreal Projects/RagingEngineZ/Content/Textures/Car/BP_Car_standardSurface1_BaseColor.uasset" 901
"C:/Users/marco/Documents/Unreal Projects/RagingEngineZ/Content/Textures/Car/BP_Car_standardSurface1_BaseColor.uexp" 902
"C:/Users/marco/Documents/Unreal Projects/RagingEngineZ/Content/Textures/Car/BP_Car_standardSurface1_Normal.ubulk" 903
"C:/Users/marco/Documents/Unreal Projects/RagingEngineZ/Content/Textures/Car/BP_Car_standardSurface1_Normal.uasset" 904
"C:/Users/marco/Documents/Unreal Projects/RagingEngineZ/Content/Textures/Car/BP_Car_standardSurface1_Normal.uexp" 905
"C:/Users/marco/Documents/Unreal Projects/RagingEngineZ/Content/Textures/Car/BP_Car_standardSurface1_OcclusionRoughnessMetallic.ubulk" 906
"C:/Users/marco/Documents/Unreal Projects/RagingEngineZ/Content/Textures/Car/BP_Car_standardSurface1_OcclusionRoughnessMetallic.uasset" 907
"C:/Users/marco/Documents/Unreal Projects/RagingEngineZ/Content/Textures/Car/BP_Car_standardSurface1_OcclusionRoughnessMetallic.uexp" 908
"C:/Users/marco/Documents/Unreal Projects/RagingEngineZ/Content/Textures/Car/M_Car.uasset" 909
"C:/Users/marco/Documents/Unreal Projects/RagingEngineZ/Content/Textures/Car/M_Car.uexp" 910
"C:/Users/marco/Documents/Unreal Projects/RagingEngineZ/Content/Models/Player_Car.ubulk" 911
"C:/Users/marco/Documents/Unreal Projects/RagingEngineZ/Content/Models/Player_Car.uasset" 912
"C:/Users/marco/Documents/Unreal Projects/RagingEngineZ/Content/Models/Player_Car.uexp" 913
"C:/Users/marco/Documents/Unreal Projects/RagingEngineZ/Content/UI/UI_Car_Health.uasset" 914
"C:/Users/marco/Documents/Unreal Projects/RagingEngineZ/Content/UI/UI_Car_Health.uexp" 915
"C:/Users/marco/Documents/Unreal Projects/RagingEngineZ/Content/Blueprints/DataStructures/BPI_Pickupable.uasset" 916
"C:/Users/marco/Documents/Unreal Projects/RagingEngineZ/Content/Blueprints/DataStructures/BPI_Pickupable.uexp" 917
"C:/Users/marco/Documents/Unreal Projects/RagingEngineZ/Content/Blueprints/DataStructures/CarPowerUpTypes.uasset" 918
"C:/Users/marco/Documents/Unreal Projects/RagingEngineZ/Content/Blueprints/DataStructures/CarPowerUpTypes.uexp" 919
"C:/Users/marco/Documents/Unreal Projects/RagingEngineZ/Content/Blueprints/DataStructures/TransitionText.uasset" 920
"C:/Users/marco/Documents/Unreal Projects/RagingEngineZ/Content/Blueprints/DataStructures/TransitionText.uexp" 921
"C:/Users/marco/Documents/Unreal Projects/RagingEngineZ/Content/SFX/Car_Sounds/Car_Swipe2.ubulk" 922
"C:/Users/marco/Documents/Unreal Projects/RagingEngineZ/Content/SFX/Car_Sounds/Car_Swipe2.uasset" 923
"C:/Users/marco/Documents/Unreal Projects/RagingEngineZ/Content/SFX/Car_Sounds/Car_Swipe2.uexp" 924
"C:/Users/marco/Documents/Unreal Projects/RagingEngineZ/Content/SFX/Car_Sounds/Engine_Drive.ubulk" 925
"C:/Users/marco/Documents/Unreal Projects/RagingEngineZ/Content/SFX/Car_Sounds/Engine_Drive.uasset" 926
"C:/Users/marco/Documents/Unreal Projects/RagingEngineZ/Content/SFX/Car_Sounds/Engine_Drive.uexp" 927
"C:/Users/marco/Documents/Unreal Projects/RagingEngineZ/Content/SFX/Car_Sounds/Gas_Empty.ubulk" 928
"C:/Users/marco/Documents/Unreal Projects/RagingEngineZ/Content/SFX/Car_Sounds/Gas_Empty.uasset" 929
"C:/Users/marco/Documents/Unreal Projects/RagingEngineZ/Content/SFX/Car_Sounds/Gas_Empty.uexp" 930
"C:/Users/marco/Documents/Unreal Projects/RagingEngineZ/Content/Materials/M_Gray.uasset" 931
"C:/Users/marco/Documents/Unreal Projects/RagingEngineZ/Content/Materials/M_Gray.uexp" 932
"C:/Users/marco/Documents/Unreal Projects/RagingEngineZ/Content/Blueprints/BP_Car.uasset" 933
"C:/Users/marco/Documents/Unreal Projects/RagingEngineZ/Content/Blueprints/BP_Car.uexp" 934
"C:/Users/marco/Documents/Unreal Projects/RagingEngineZ/Content/SFX/John_Hurt1.ubulk" 935
"C:/Users/marco/Documents/Unreal Projects/RagingEngineZ/Content/SFX/John_Hurt1.uasset" 936
"C:/Users/marco/Documents/Unreal Projects/RagingEngineZ/Content/SFX/John_Hurt1.uexp" 937
"C:/Users/marco/Documents/Unreal Projects/RagingEngineZ/Content/SFX/John_Hurt2.ubulk" 938
"C:/Users/marco/Documents/Unreal Projects/RagingEngineZ/Content/SFX/John_Hurt2.uasset" 939
"C:/Users/marco/Documents/Unreal Projects/RagingEngineZ/Content/SFX/John_Hurt2.uexp" 940
"C:/Users/marco/Documents/Unreal Projects/RagingEngineZ/Content/SFX/John_hurt.uasset" 941
"C:/Users/marco/Documents/Unreal Projects/RagingEngineZ/Content/SFX/John_hurt.uexp" 942
"C:/Users/marco/Documents/Unreal Projects/RagingEngineZ/Content/Blueprints/AC_JohnHealth.uasset" 943
"C:/Users/marco/Documents/Unreal Projects/RagingEngineZ/Content/Blueprints/AC_JohnHealth.uexp" 944
"../../../Engine/Content/EngineResources/DefaultTexture.ubulk" 945
"../../../Engine/Content/EngineResources/DefaultTexture.uasset" 946
"../../../Engine/Content/EngineResources/DefaultTexture.uexp" 947
"../../../Engine/Content/EngineMaterials/DefaultNormal.ubulk" 948
"../../../Engine/Content/EngineMaterials/DefaultNormal.uasset" 949
"../../../Engine/Content/EngineMaterials/DefaultNormal.uexp" 950
"../../../Engine/Content/Functions/Engine_MaterialFunctions03/Procedurals/NormalFromHeightmap.uasset" 951
"../../../Engine/Content/Functions/Engine_MaterialFunctions03/Procedurals/NormalFromHeightmap.uexp" 952
"../../../Engine/Plugins/Interchange/Assets/Content/Functions/MF_PhongToMetalRoughness.uasset" 953
"../../../Engine/Plugins/Interchange/Assets/Content/Functions/MF_PhongToMetalRoughness.uexp" 954
"../../../Engine/Plugins/Interchange/Assets/Content/Materials/FBXLegacyPhongSurfaceMaterial.uasset" 955
"../../../Engine/Plugins/Interchange/Assets/Content/Materials/FBXLegacyPhongSurfaceMaterial.uexp" 956
"C:/Users/marco/Documents/Unreal Projects/RagingEngineZ/Content/Models/standardSurface1.uasset" 957
"C:/Users/marco/Documents/Unreal Projects/RagingEngineZ/Content/Models/standardSurface1.uexp" 958
"C:/Users/marco/Documents/Unreal Projects/RagingEngineZ/Content/Models/Extraction.ubulk" 959
"C:/Users/marco/Documents/Unreal Projects/RagingEngineZ/Content/Models/Extraction.uasset" 960
"C:/Users/marco/Documents/Unreal Projects/RagingEngineZ/Content/Models/Extraction.uexp" 961
"C:/Users/marco/Documents/Unreal Projects/RagingEngineZ/Content/Textures/M_ExtractionZone.uasset" 962
"C:/Users/marco/Documents/Unreal Projects/RagingEngineZ/Content/Textures/M_ExtractionZone.uexp" 963
"../../../Engine/Content/BasicShapes/Sphere.ubulk" 964
"../../../Engine/Content/BasicShapes/Sphere.uasset" 965
"../../../Engine/Content/BasicShapes/Sphere.uexp" 966
"C:/Users/marco/Documents/Unreal Projects/RagingEngineZ/Content/Audio/PistolSmg_Shoot_8Bit.ubulk" 967
"C:/Users/marco/Documents/Unreal Projects/RagingEngineZ/Content/Audio/PistolSmg_Shoot_8Bit.uasset" 968
"C:/Users/marco/Documents/Unreal Projects/RagingEngineZ/Content/Audio/PistolSmg_Shoot_8Bit.uexp" 969
"C:/Users/marco/Documents/Unreal Projects/RagingEngineZ/Content/Audio/Shotgun_Shoot_8Bit.ubulk" 970
"C:/Users/marco/Documents/Unreal Projects/RagingEngineZ/Content/Audio/Shotgun_Shoot_8Bit.uasset" 971
"C:/Users/marco/Documents/Unreal Projects/RagingEngineZ/Content/Audio/Shotgun_Shoot_8Bit.uexp" 972
"C:/Users/marco/Documents/Unreal Projects/RagingEngineZ/Content/Blueprints/AC_ZombieHealth.uasset" 973
"C:/Users/marco/Documents/Unreal Projects/RagingEngineZ/Content/Blueprints/AC_ZombieHealth.uexp" 974
"C:/Users/marco/Documents/Unreal Projects/RagingEngineZ/Content/Materials/M_FireTrail.uasset" 975
"C:/Users/marco/Documents/Unreal Projects/RagingEngineZ/Content/Materials/M_FireTrail.uexp" 976
"C:/Users/marco/Documents/Unreal Projects/RagingEngineZ/Content/Blueprints/BP_FireTrail.uasset" 977
"C:/Users/marco/Documents/Unreal Projects/RagingEngineZ/Content/Blueprints/BP_FireTrail.uexp" 978
"../../../Engine/Plugins/FX/Niagara/Content/DefaultAssets/DefaultSpriteMaterial.uasset" 979
"../../../Engine/Plugins/FX/Niagara/Content/DefaultAssets/DefaultSpriteMaterial.uexp" 980
"../../../Engine/Plugins/FX/Niagara/Content/DefaultAssets/M_Gnomon_Alpha.uasset" 981
"../../../Engine/Plugins/FX/Niagara/Content/DefaultAssets/M_Gnomon_Alpha.uexp" 982
"../../../Engine/Plugins/FX/Niagara/Content/DefaultAssets/M_Gnomon.uasset" 983
"../../../Engine/Plugins/FX/Niagara/Content/DefaultAssets/M_Gnomon.uexp" 984
"../../../Engine/Plugins/FX/Niagara/Content/DefaultAssets/S_Arrow.ubulk" 985
"../../../Engine/Plugins/FX/Niagara/Content/DefaultAssets/S_Arrow.uasset" 986
"../../../Engine/Plugins/FX/Niagara/Content/DefaultAssets/S_Arrow.uexp" 987
"C:/Users/marco/Documents/Unreal Projects/RagingEngineZ/Content/VFX/Explosion1.uasset" 988
"C:/Users/marco/Documents/Unreal Projects/RagingEngineZ/Content/VFX/Explosion1.uexp" 989
"C:/Users/marco/Documents/Unreal Projects/RagingEngineZ/Content/VFX/M_Explosion1.uasset" 990
"C:/Users/marco/Documents/Unreal Projects/RagingEngineZ/Content/VFX/M_Explosion1.uexp" 991
"C:/Users/marco/Documents/Unreal Projects/RagingEngineZ/Content/VFX/Smoke.uasset" 992
"C:/Users/marco/Documents/Unreal Projects/RagingEngineZ/Content/VFX/Smoke.uexp" 993
"C:/Users/marco/Documents/Unreal Projects/RagingEngineZ/Content/VFX/M_Smoke.uasset" 994
"C:/Users/marco/Documents/Unreal Projects/RagingEngineZ/Content/VFX/M_Smoke.uexp" 995
"C:/Users/marco/Documents/Unreal Projects/RagingEngineZ/Content/VFX/NS_Explosion.uasset" 996
"C:/Users/marco/Documents/Unreal Projects/RagingEngineZ/Content/VFX/NS_Explosion.uexp" 997
"C:/Users/marco/Documents/Unreal Projects/RagingEngineZ/Content/SFX/Explosion.ubulk" 998
"C:/Users/marco/Documents/Unreal Projects/RagingEngineZ/Content/SFX/Explosion.uasset" 999
"C:/Users/marco/Documents/Unreal Projects/RagingEngineZ/Content/SFX/Explosion.uexp" 1000
"C:/Users/marco/Documents/Unreal Projects/RagingEngineZ/Content/Textures/Props/Weapons_Painter_M_Weapons_BaseColor.ubulk" 1001
"C:/Users/marco/Documents/Unreal Projects/RagingEngineZ/Content/Textures/Props/Weapons_Painter_M_Weapons_BaseColor.uasset" 1002
"C:/Users/marco/Documents/Unreal Projects/RagingEngineZ/Content/Textures/Props/Weapons_Painter_M_Weapons_BaseColor.uexp" 1003
"C:/Users/marco/Documents/Unreal Projects/RagingEngineZ/Content/Textures/Props/Weapons_Painter_M_Weapons_Normal.ubulk" 1004
"C:/Users/marco/Documents/Unreal Projects/RagingEngineZ/Content/Textures/Props/Weapons_Painter_M_Weapons_Normal.uasset" 1005
"C:/Users/marco/Documents/Unreal Projects/RagingEngineZ/Content/Textures/Props/Weapons_Painter_M_Weapons_Normal.uexp" 1006
"C:/Users/marco/Documents/Unreal Projects/RagingEngineZ/Content/Textures/Props/Weapons_Painter_M_Weapons_OcclusionRoughnessMetallic.ubulk" 1007
"C:/Users/marco/Documents/Unreal Projects/RagingEngineZ/Content/Textures/Props/Weapons_Painter_M_Weapons_OcclusionRoughnessMetallic.uasset" 1008
"C:/Users/marco/Documents/Unreal Projects/RagingEngineZ/Content/Textures/Props/Weapons_Painter_M_Weapons_OcclusionRoughnessMetallic.uexp" 1009
"C:/Users/marco/Documents/Unreal Projects/RagingEngineZ/Content/Textures/Props/M_Weapons.uasset" 1010
"C:/Users/marco/Documents/Unreal Projects/RagingEngineZ/Content/Textures/Props/M_Weapons.uexp" 1011
"C:/Users/marco/Documents/Unreal Projects/RagingEngineZ/Content/Models/Weapons/Weapon_Grenade.ubulk" 1012
"C:/Users/marco/Documents/Unreal Projects/RagingEngineZ/Content/Models/Weapons/Weapon_Grenade.uasset" 1013
"C:/Users/marco/Documents/Unreal Projects/RagingEngineZ/Content/Models/Weapons/Weapon_Grenade.uexp" 1014
"C:/Users/marco/Documents/Unreal Projects/RagingEngineZ/Content/Blueprints/Projectiles/BP_Grenade.uasset" 1015
"C:/Users/marco/Documents/Unreal Projects/RagingEngineZ/Content/Blueprints/Projectiles/BP_Grenade.uexp" 1016
"C:/Users/marco/Documents/Unreal Projects/RagingEngineZ/Content/Textures/Bullets/Bullets_Gun_M_Bullets_BaseColor.ubulk" 1017
"C:/Users/marco/Documents/Unreal Projects/RagingEngineZ/Content/Textures/Bullets/Bullets_Gun_M_Bullets_BaseColor.uasset" 1018
"C:/Users/marco/Documents/Unreal Projects/RagingEngineZ/Content/Textures/Bullets/Bullets_Gun_M_Bullets_BaseColor.uexp" 1019
"C:/Users/marco/Documents/Unreal Projects/RagingEngineZ/Content/Textures/Bullets/Bullets_Gun_M_Bullets_Normal.ubulk" 1020
"C:/Users/marco/Documents/Unreal Projects/RagingEngineZ/Content/Textures/Bullets/Bullets_Gun_M_Bullets_Normal.uasset" 1021
"C:/Users/marco/Documents/Unreal Projects/RagingEngineZ/Content/Textures/Bullets/Bullets_Gun_M_Bullets_Normal.uexp" 1022
"C:/Users/marco/Documents/Unreal Projects/RagingEngineZ/Content/Textures/Bullets/Bullets_Gun_M_Bullets_OcclusionRoughnessMetallic.ubulk" 1023
"C:/Users/marco/Documents/Unreal Projects/RagingEngineZ/Content/Textures/Bullets/Bullets_Gun_M_Bullets_OcclusionRoughnessMetallic.uasset" 1024
"C:/Users/marco/Documents/Unreal Projects/RagingEngineZ/Content/Textures/Bullets/Bullets_Gun_M_Bullets_OcclusionRoughnessMetallic.uexp" 1025
"C:/Users/marco/Documents/Unreal Projects/RagingEngineZ/Content/Materials/M_Bullets.uasset" 1026
"C:/Users/marco/Documents/Unreal Projects/RagingEngineZ/Content/Materials/M_Bullets.uexp" 1027
"C:/Users/marco/Documents/Unreal Projects/RagingEngineZ/Content/Models/Weapons/Bullet_Gun.ubulk" 1028
"C:/Users/marco/Documents/Unreal Projects/RagingEngineZ/Content/Models/Weapons/Bullet_Gun.uasset" 1029
"C:/Users/marco/Documents/Unreal Projects/RagingEngineZ/Content/Models/Weapons/Bullet_Gun.uexp" 1030
"C:/Users/marco/Documents/Unreal Projects/RagingEngineZ/Content/Blueprints/Projectiles/BP_Projectile.uasset" 1031
"C:/Users/marco/Documents/Unreal Projects/RagingEngineZ/Content/Blueprints/Projectiles/BP_Projectile.uexp" 1032
"C:/Users/marco/Documents/Unreal Projects/RagingEngineZ/Content/Materials/M_Shellshock.uasset" 1033
"C:/Users/marco/Documents/Unreal Projects/RagingEngineZ/Content/Materials/M_Shellshock.uexp" 1034
"C:/Users/marco/Documents/Unreal Projects/RagingEngineZ/Content/Materials/M_Shield.uasset" 1035
"C:/Users/marco/Documents/Unreal Projects/RagingEngineZ/Content/Materials/M_Shield.uexp" 1036
"C:/Users/marco/Documents/Unreal Projects/RagingEngineZ/Content/SFX/Reload1.ubulk" 1037
"C:/Users/marco/Documents/Unreal Projects/RagingEngineZ/Content/SFX/Reload1.uasset" 1038
"C:/Users/marco/Documents/Unreal Projects/RagingEngineZ/Content/SFX/Reload1.uexp" 1039
"C:/Users/marco/Documents/Unreal Projects/RagingEngineZ/Content/Models/Animations/John.ubulk" 1040
"C:/Users/marco/Documents/Unreal Projects/RagingEngineZ/Content/Models/Animations/John.uasset" 1041
"C:/Users/marco/Documents/Unreal Projects/RagingEngineZ/Content/Models/Animations/John.uexp" 1042
"C:/Users/marco/Documents/Unreal Projects/RagingEngineZ/Content/Textures/M_John.uasset" 1043
"C:/Users/marco/Documents/Unreal Projects/RagingEngineZ/Content/Textures/M_John.uexp" 1044
"C:/Users/marco/Documents/Unreal Projects/RagingEngineZ/Content/Blueprints/DataStructures/WeaponTypes.uasset" 1045
"C:/Users/marco/Documents/Unreal Projects/RagingEngineZ/Content/Blueprints/DataStructures/WeaponTypes.uexp" 1046
"C:/Users/marco/Documents/Unreal Projects/RagingEngineZ/Content/Blueprints/SaveGame/SaveGame_BP.uasset" 1047
"C:/Users/marco/Documents/Unreal Projects/RagingEngineZ/Content/Blueprints/SaveGame/SaveGame_BP.uexp" 1048
"C:/Users/marco/Documents/Unreal Projects/RagingEngineZ/Content/UI/UI_Reload.uasset" 1049
"C:/Users/marco/Documents/Unreal Projects/RagingEngineZ/Content/UI/UI_Reload.uexp" 1050
"C:/Users/marco/Documents/Unreal Projects/RagingEngineZ/Content/Inputs/Survivor/IA_SMove.uasset" 1051
"C:/Users/marco/Documents/Unreal Projects/RagingEngineZ/Content/Inputs/Survivor/IA_SMove.uexp" 1052
"C:/Users/marco/Documents/Unreal Projects/RagingEngineZ/Content/Inputs/Survivor/IMC_Survivor.uasset" 1053
"C:/Users/marco/Documents/Unreal Projects/RagingEngineZ/Content/Inputs/Survivor/IMC_Survivor.uexp" 1054
"C:/Users/marco/Documents/Unreal Projects/RagingEngineZ/Content/Models/Animations/John_Rig_PhysicsAsset.uasset" 1055
"C:/Users/marco/Documents/Unreal Projects/RagingEngineZ/Content/Models/Animations/John_Rig_PhysicsAsset.uexp" 1056
"C:/Users/marco/Documents/Unreal Projects/RagingEngineZ/Content/Models/Animations/John_Rig_Skeleton.uasset" 1057
"C:/Users/marco/Documents/Unreal Projects/RagingEngineZ/Content/Models/Animations/John_Rig_Skeleton.uexp" 1058
"C:/Users/marco/Documents/Unreal Projects/RagingEngineZ/Content/Models/Animations/M_John.uasset" 1059
"C:/Users/marco/Documents/Unreal Projects/RagingEngineZ/Content/Models/Animations/M_John.uexp" 1060
"C:/Users/marco/Documents/Unreal Projects/RagingEngineZ/Content/Models/Animations/John_Rig.uasset" 1061
"C:/Users/marco/Documents/Unreal Projects/RagingEngineZ/Content/Models/Animations/John_Rig.uexp" 1062
"C:/Users/marco/Documents/Unreal Projects/RagingEngineZ/Content/Models/Weapons/Weapon_Pistol.ubulk" 1063
"C:/Users/marco/Documents/Unreal Projects/RagingEngineZ/Content/Models/Weapons/Weapon_Pistol.uasset" 1064
"C:/Users/marco/Documents/Unreal Projects/RagingEngineZ/Content/Models/Weapons/Weapon_Pistol.uexp" 1065
"C:/Users/marco/Documents/Unreal Projects/RagingEngineZ/Content/Models/Weapons/Weapon_Shotgun.ubulk" 1066
"C:/Users/marco/Documents/Unreal Projects/RagingEngineZ/Content/Models/Weapons/Weapon_Shotgun.uasset" 1067
"C:/Users/marco/Documents/Unreal Projects/RagingEngineZ/Content/Models/Weapons/Weapon_Shotgun.uexp" 1068
"C:/Users/marco/Documents/Unreal Projects/RagingEngineZ/Content/Models/Weapons/Weapon_SMG.ubulk" 1069
"C:/Users/marco/Documents/Unreal Projects/RagingEngineZ/Content/Models/Weapons/Weapon_SMG.uasset" 1070
"C:/Users/marco/Documents/Unreal Projects/RagingEngineZ/Content/Models/Weapons/Weapon_SMG.uexp" 1071
"../../../Engine/Plugins/Animation/ACLPlugin/Content/ACLAnimBoneCompressionSettings.uasset" 1072
"../../../Engine/Plugins/Animation/ACLPlugin/Content/ACLAnimBoneCompressionSettings.uexp" 1073
"../../../Engine/Plugins/Animation/ACLPlugin/Content/ACLAnimCurveCompressionSettings.uasset" 1074
"../../../Engine/Plugins/Animation/ACLPlugin/Content/ACLAnimCurveCompressionSettings.uexp" 1075
"../../../Engine/Content/Animation/DefaultVariableFrameStrippingSettings.uasset" 1076
"../../../Engine/Content/Animation/DefaultVariableFrameStrippingSettings.uexp" 1077
"C:/Users/marco/Documents/Unreal Projects/RagingEngineZ/Content/Models/Animations/John/JohnIdle01JohnIdle01.uasset" 1078
"C:/Users/marco/Documents/Unreal Projects/RagingEngineZ/Content/Models/Animations/John/JohnIdle01JohnIdle01.m.ubulk" 1079
"C:/Users/marco/Documents/Unreal Projects/RagingEngineZ/Content/Models/Animations/John/JohnIdle01JohnIdle01.uexp" 1080
"C:/Users/marco/Documents/Unreal Projects/RagingEngineZ/Content/Models/Animations/John/JohnRunJohnRun.uasset" 1081
"C:/Users/marco/Documents/Unreal Projects/RagingEngineZ/Content/Models/Animations/John/JohnRunJohnRun.m.ubulk" 1082
"C:/Users/marco/Documents/Unreal Projects/RagingEngineZ/Content/Models/Animations/John/JohnRunJohnRun.uexp" 1083
"C:/Users/marco/Documents/Unreal Projects/RagingEngineZ/Content/Models/Animations/John/JohnWalkJohnWalkJohnWalk.uasset" 1084
"C:/Users/marco/Documents/Unreal Projects/RagingEngineZ/Content/Models/Animations/John/JohnWalkJohnWalkJohnWalk.m.ubulk" 1085
"C:/Users/marco/Documents/Unreal Projects/RagingEngineZ/Content/Models/Animations/John/JohnWalkJohnWalkJohnWalk.uexp" 1086
"C:/Users/marco/Documents/Unreal Projects/RagingEngineZ/Content/Models/Animations/John/BS_Movement.uasset" 1087
"C:/Users/marco/Documents/Unreal Projects/RagingEngineZ/Content/Models/Animations/John/BS_Movement.uexp" 1088
"C:/Users/marco/Documents/Unreal Projects/RagingEngineZ/Content/Models/Animations/John/ABP_John.uasset" 1089
"C:/Users/marco/Documents/Unreal Projects/RagingEngineZ/Content/Models/Animations/John/ABP_John.uexp" 1090
"C:/Users/marco/Documents/Unreal Projects/RagingEngineZ/Content/Materials/M_Crate.uasset" 1091
"C:/Users/marco/Documents/Unreal Projects/RagingEngineZ/Content/Materials/M_Crate.uexp" 1092
"C:/Users/marco/Documents/Unreal Projects/RagingEngineZ/Content/Models/Crate.ubulk" 1093
"C:/Users/marco/Documents/Unreal Projects/RagingEngineZ/Content/Models/Crate.uasset" 1094
"C:/Users/marco/Documents/Unreal Projects/RagingEngineZ/Content/Models/Crate.uexp" 1095
"C:/Users/marco/Documents/Unreal Projects/RagingEngineZ/Content/SFX/Pickup_Resource_V2.ubulk" 1096
"C:/Users/marco/Documents/Unreal Projects/RagingEngineZ/Content/SFX/Pickup_Resource_V2.uasset" 1097
"C:/Users/marco/Documents/Unreal Projects/RagingEngineZ/Content/SFX/Pickup_Resource_V2.uexp" 1098
"C:/Users/marco/Documents/Unreal Projects/RagingEngineZ/Content/Blueprints/DataStructures/BPI_SurvivorPickupable.uasset" 1099
"C:/Users/marco/Documents/Unreal Projects/RagingEngineZ/Content/Blueprints/DataStructures/BPI_SurvivorPickupable.uexp" 1100
"C:/Users/marco/Documents/Unreal Projects/RagingEngineZ/Content/Blueprints/ObjectsToSpawn/PowerUps/BP_PowerUp.uasset" 1101
"C:/Users/marco/Documents/Unreal Projects/RagingEngineZ/Content/Blueprints/ObjectsToSpawn/PowerUps/BP_PowerUp.uexp" 1102
"C:/Users/marco/Documents/Unreal Projects/RagingEngineZ/Content/Textures/Zombie.ubulk" 1103
"C:/Users/marco/Documents/Unreal Projects/RagingEngineZ/Content/Textures/Zombie.uasset" 1104
"C:/Users/marco/Documents/Unreal Projects/RagingEngineZ/Content/Textures/Zombie.uexp" 1105
"C:/Users/marco/Documents/Unreal Projects/RagingEngineZ/Content/Textures/M_Zombie.uasset" 1106
"C:/Users/marco/Documents/Unreal Projects/RagingEngineZ/Content/Textures/M_Zombie.uexp" 1107
"C:/Users/marco/Documents/Unreal Projects/RagingEngineZ/Content/VFX/Blood_Splatter1.uasset" 1108
"C:/Users/marco/Documents/Unreal Projects/RagingEngineZ/Content/VFX/Blood_Splatter1.uexp" 1109
"C:/Users/marco/Documents/Unreal Projects/RagingEngineZ/Content/VFX/M_Blood_Splatter1.uasset" 1110
"C:/Users/marco/Documents/Unreal Projects/RagingEngineZ/Content/VFX/M_Blood_Splatter1.uexp" 1111
"C:/Users/marco/Documents/Unreal Projects/RagingEngineZ/Content/VFX/NS_Blood.uasset" 1112
"C:/Users/marco/Documents/Unreal Projects/RagingEngineZ/Content/VFX/NS_Blood.uexp" 1113
"C:/Users/marco/Documents/Unreal Projects/RagingEngineZ/Content/UI/UI_Transition.uasset" 1114
"C:/Users/marco/Documents/Unreal Projects/RagingEngineZ/Content/UI/UI_Transition.uexp" 1115
"C:/Users/marco/Documents/Unreal Projects/RagingEngineZ/Content/Blueprints/GameMode/BP_SurvivorGameMode.uasset" 1116
"C:/Users/marco/Documents/Unreal Projects/RagingEngineZ/Content/Blueprints/GameMode/BP_SurvivorGameMode.uexp" 1117
"C:/Users/marco/Documents/Unreal Projects/RagingEngineZ/Content/SFX/Menu_Click.ubulk" 1118
"C:/Users/marco/Documents/Unreal Projects/RagingEngineZ/Content/SFX/Menu_Click.uasset" 1119
"C:/Users/marco/Documents/Unreal Projects/RagingEngineZ/Content/SFX/Menu_Click.uexp" 1120
"C:/Users/marco/Documents/Unreal Projects/RagingEngineZ/Content/Textures/Pause_Button.ubulk" 1121
"C:/Users/marco/Documents/Unreal Projects/RagingEngineZ/Content/Textures/Pause_Button.uasset" 1122
"C:/Users/marco/Documents/Unreal Projects/RagingEngineZ/Content/Textures/Pause_Button.uexp" 1123
"C:/Users/marco/Documents/Unreal Projects/RagingEngineZ/Content/UI/UI_PauseMenu.uasset" 1124
"C:/Users/marco/Documents/Unreal Projects/RagingEngineZ/Content/UI/UI_PauseMenu.uexp" 1125
"C:/Users/marco/Documents/Unreal Projects/RagingEngineZ/Content/UI/UI_MainHUD.uasset" 1126
"C:/Users/marco/Documents/Unreal Projects/RagingEngineZ/Content/UI/UI_MainHUD.uexp" 1127
"C:/Users/marco/Documents/Unreal Projects/RagingEngineZ/Content/Blueprints/DataStructures/SurvivorPowerUpTypes.uasset" 1128
"C:/Users/marco/Documents/Unreal Projects/RagingEngineZ/Content/Blueprints/DataStructures/SurvivorPowerUpTypes.uexp" 1129
"C:/Users/marco/Documents/Unreal Projects/RagingEngineZ/Content/Textures/Props/Props_Vertex_UV_Props_BaseColor.ubulk" 1130
"C:/Users/marco/Documents/Unreal Projects/RagingEngineZ/Content/Textures/Props/Props_Vertex_UV_Props_BaseColor.uasset" 1131
"C:/Users/marco/Documents/Unreal Projects/RagingEngineZ/Content/Textures/Props/Props_Vertex_UV_Props_BaseColor.uexp" 1132
"C:/Users/marco/Documents/Unreal Projects/RagingEngineZ/Content/Textures/Props/Props_Vertex_UV_Props_Normal.ubulk" 1133
"C:/Users/marco/Documents/Unreal Projects/RagingEngineZ/Content/Textures/Props/Props_Vertex_UV_Props_Normal.uasset" 1134
"C:/Users/marco/Documents/Unreal Projects/RagingEngineZ/Content/Textures/Props/Props_Vertex_UV_Props_Normal.uexp" 1135
"C:/Users/marco/Documents/Unreal Projects/RagingEngineZ/Content/Textures/Props/Props_Vertex_UV_Props_OcclusionRoughnessMetallic.ubulk" 1136
"C:/Users/marco/Documents/Unreal Projects/RagingEngineZ/Content/Textures/Props/Props_Vertex_UV_Props_OcclusionRoughnessMetallic.uasset" 1137
"C:/Users/marco/Documents/Unreal Projects/RagingEngineZ/Content/Textures/Props/Props_Vertex_UV_Props_OcclusionRoughnessMetallic.uexp" 1138
"C:/Users/marco/Documents/Unreal Projects/RagingEngineZ/Content/Textures/Props/M_Props.uasset" 1139
"C:/Users/marco/Documents/Unreal Projects/RagingEngineZ/Content/Textures/Props/M_Props.uexp" 1140
"C:/Users/marco/Documents/Unreal Projects/RagingEngineZ/Content/Blueprints/ObjectsToSpawn/PowerUps/Collectible_Ammo.ubulk" 1141
"C:/Users/marco/Documents/Unreal Projects/RagingEngineZ/Content/Blueprints/ObjectsToSpawn/PowerUps/Collectible_Ammo.uasset" 1142
"C:/Users/marco/Documents/Unreal Projects/RagingEngineZ/Content/Blueprints/ObjectsToSpawn/PowerUps/Collectible_Ammo.uexp" 1143
"C:/Users/marco/Documents/Unreal Projects/RagingEngineZ/Content/Blueprints/ObjectsToSpawn/PowerUps/BP_Ammo.uasset" 1144
"C:/Users/marco/Documents/Unreal Projects/RagingEngineZ/Content/Blueprints/ObjectsToSpawn/PowerUps/BP_Ammo.uexp" 1145
"C:/Users/marco/Documents/Unreal Projects/RagingEngineZ/Content/Materials/M_Red.uasset" 1146
"C:/Users/marco/Documents/Unreal Projects/RagingEngineZ/Content/Materials/M_Red.uexp" 1147
"C:/Users/marco/Documents/Unreal Projects/RagingEngineZ/Content/Models/Collectible_Gas_Canister.ubulk" 1148
"C:/Users/marco/Documents/Unreal Projects/RagingEngineZ/Content/Models/Collectible_Gas_Canister.uasset" 1149
"C:/Users/marco/Documents/Unreal Projects/RagingEngineZ/Content/Models/Collectible_Gas_Canister.uexp" 1150
"C:/Users/marco/Documents/Unreal Projects/RagingEngineZ/Content/Blueprints/ObjectsToSpawn/PowerUps/BP_GasPickup.uasset" 1151
"C:/Users/marco/Documents/Unreal Projects/RagingEngineZ/Content/Blueprints/ObjectsToSpawn/PowerUps/BP_GasPickup.uexp" 1152
"C:/Users/marco/Documents/Unreal Projects/RagingEngineZ/Content/Blueprints/ObjectsToSpawn/PowerUps/Collectible_Repair_Parts.ubulk" 1153
"C:/Users/marco/Documents/Unreal Projects/RagingEngineZ/Content/Blueprints/ObjectsToSpawn/PowerUps/Collectible_Repair_Parts.uasset" 1154
"C:/Users/marco/Documents/Unreal Projects/RagingEngineZ/Content/Blueprints/ObjectsToSpawn/PowerUps/Collectible_Repair_Parts.uexp" 1155
"C:/Users/marco/Documents/Unreal Projects/RagingEngineZ/Content/Blueprints/ObjectsToSpawn/PowerUps/BP_Repair_Parts.uasset" 1156
"C:/Users/marco/Documents/Unreal Projects/RagingEngineZ/Content/Blueprints/ObjectsToSpawn/PowerUps/BP_Repair_Parts.uexp" 1157
"C:/Users/marco/Documents/Unreal Projects/RagingEngineZ/Content/SFX/Zombie_Sounds/Zombie_Death1.ubulk" 1158
"C:/Users/marco/Documents/Unreal Projects/RagingEngineZ/Content/SFX/Zombie_Sounds/Zombie_Death1.uasset" 1159
"C:/Users/marco/Documents/Unreal Projects/RagingEngineZ/Content/SFX/Zombie_Sounds/Zombie_Death1.uexp" 1160
"C:/Users/marco/Documents/Unreal Projects/RagingEngineZ/Content/SFX/Zombie_Sounds/Zombie_Death10.ubulk" 1161
"C:/Users/marco/Documents/Unreal Projects/RagingEngineZ/Content/SFX/Zombie_Sounds/Zombie_Death10.uasset" 1162
"C:/Users/marco/Documents/Unreal Projects/RagingEngineZ/Content/SFX/Zombie_Sounds/Zombie_Death10.uexp" 1163
"C:/Users/marco/Documents/Unreal Projects/RagingEngineZ/Content/SFX/Zombie_Sounds/Zombie_Death2.ubulk" 1164
"C:/Users/marco/Documents/Unreal Projects/RagingEngineZ/Content/SFX/Zombie_Sounds/Zombie_Death2.uasset" 1165
"C:/Users/marco/Documents/Unreal Projects/RagingEngineZ/Content/SFX/Zombie_Sounds/Zombie_Death2.uexp" 1166
"C:/Users/marco/Documents/Unreal Projects/RagingEngineZ/Content/SFX/Zombie_Sounds/Zombie_Death3.ubulk" 1167
"C:/Users/marco/Documents/Unreal Projects/RagingEngineZ/Content/SFX/Zombie_Sounds/Zombie_Death3.uasset" 1168
"C:/Users/marco/Documents/Unreal Projects/RagingEngineZ/Content/SFX/Zombie_Sounds/Zombie_Death3.uexp" 1169
"C:/Users/marco/Documents/Unreal Projects/RagingEngineZ/Content/SFX/Zombie_Sounds/Zombie_Death4.ubulk" 1170
"C:/Users/marco/Documents/Unreal Projects/RagingEngineZ/Content/SFX/Zombie_Sounds/Zombie_Death4.uasset" 1171
"C:/Users/marco/Documents/Unreal Projects/RagingEngineZ/Content/SFX/Zombie_Sounds/Zombie_Death4.uexp" 1172
"C:/Users/marco/Documents/Unreal Projects/RagingEngineZ/Content/SFX/Zombie_Sounds/Zombie_Death5.ubulk" 1173
"C:/Users/marco/Documents/Unreal Projects/RagingEngineZ/Content/SFX/Zombie_Sounds/Zombie_Death5.uasset" 1174
"C:/Users/marco/Documents/Unreal Projects/RagingEngineZ/Content/SFX/Zombie_Sounds/Zombie_Death5.uexp" 1175
"C:/Users/marco/Documents/Unreal Projects/RagingEngineZ/Content/SFX/Zombie_Sounds/Zombie_Death6.ubulk" 1176
"C:/Users/marco/Documents/Unreal Projects/RagingEngineZ/Content/SFX/Zombie_Sounds/Zombie_Death6.uasset" 1177
"C:/Users/marco/Documents/Unreal Projects/RagingEngineZ/Content/SFX/Zombie_Sounds/Zombie_Death6.uexp" 1178
"C:/Users/marco/Documents/Unreal Projects/RagingEngineZ/Content/SFX/Zombie_Sounds/Zombie_Death7.ubulk" 1179
"C:/Users/marco/Documents/Unreal Projects/RagingEngineZ/Content/SFX/Zombie_Sounds/Zombie_Death7.uasset" 1180
"C:/Users/marco/Documents/Unreal Projects/RagingEngineZ/Content/SFX/Zombie_Sounds/Zombie_Death7.uexp" 1181
"C:/Users/marco/Documents/Unreal Projects/RagingEngineZ/Content/SFX/Zombie_Sounds/Zombie_Death8.ubulk" 1182
"C:/Users/marco/Documents/Unreal Projects/RagingEngineZ/Content/SFX/Zombie_Sounds/Zombie_Death8.uasset" 1183
"C:/Users/marco/Documents/Unreal Projects/RagingEngineZ/Content/SFX/Zombie_Sounds/Zombie_Death8.uexp" 1184
"C:/Users/marco/Documents/Unreal Projects/RagingEngineZ/Content/SFX/Zombie_Sounds/Zombie_Death9.ubulk" 1185
"C:/Users/marco/Documents/Unreal Projects/RagingEngineZ/Content/SFX/Zombie_Sounds/Zombie_Death9.uasset" 1186
"C:/Users/marco/Documents/Unreal Projects/RagingEngineZ/Content/SFX/Zombie_Sounds/Zombie_Death9.uexp" 1187
"C:/Users/marco/Documents/Unreal Projects/RagingEngineZ/Content/SFX/Zombie_Sounds/SC_Zombie_Death_Random.uasset" 1188
"C:/Users/marco/Documents/Unreal Projects/RagingEngineZ/Content/SFX/Zombie_Sounds/SC_Zombie_Death_Random.uexp" 1189
"C:/Users/marco/Documents/Unreal Projects/RagingEngineZ/Content/SFX/Zombie_Sounds/Zombie_Splatter.ubulk" 1190
"C:/Users/marco/Documents/Unreal Projects/RagingEngineZ/Content/SFX/Zombie_Sounds/Zombie_Splatter.uasset" 1191
"C:/Users/marco/Documents/Unreal Projects/RagingEngineZ/Content/SFX/Zombie_Sounds/Zombie_Splatter.uexp" 1192
"C:/Users/marco/Documents/Unreal Projects/RagingEngineZ/Content/Models/Animations/Zombie/Zombie_FinalRig_Skeleton.uasset" 1193
"C:/Users/marco/Documents/Unreal Projects/RagingEngineZ/Content/Models/Animations/Zombie/Zombie_FinalRig_Skeleton.uexp" 1194
"C:/Users/marco/Documents/Unreal Projects/RagingEngineZ/Content/Models/Animations/Zombie/ZombieIdleAnimatedZombieIdleAnimated1.uasset" 1195
"C:/Users/marco/Documents/Unreal Projects/RagingEngineZ/Content/Models/Animations/Zombie/ZombieIdleAnimatedZombieIdleAnimated1.m.ubulk" 1196
"C:/Users/marco/Documents/Unreal Projects/RagingEngineZ/Content/Models/Animations/Zombie/ZombieIdleAnimatedZombieIdleAnimated1.uexp" 1197
"C:/Users/marco/Documents/Unreal Projects/RagingEngineZ/Content/Models/Animations/Zombie/ZombieWalkFinalZombieWalkFinal1.uasset" 1198
"C:/Users/marco/Documents/Unreal Projects/RagingEngineZ/Content/Models/Animations/Zombie/ZombieWalkFinalZombieWalkFinal1.m.ubulk" 1199
"C:/Users/marco/Documents/Unreal Projects/RagingEngineZ/Content/Models/Animations/Zombie/ZombieWalkFinalZombieWalkFinal1.uexp" 1200
"C:/Users/marco/Documents/Unreal Projects/RagingEngineZ/Content/Models/Animations/Zombie/BS_Zombie.uasset" 1201
"C:/Users/marco/Documents/Unreal Projects/RagingEngineZ/Content/Models/Animations/Zombie/BS_Zombie.uexp" 1202
"C:/Users/marco/Documents/Unreal Projects/RagingEngineZ/Content/Models/Animations/Zombie/ABP_Zombie.uasset" 1203
"C:/Users/marco/Documents/Unreal Projects/RagingEngineZ/Content/Models/Animations/Zombie/ABP_Zombie.uexp" 1204
"C:/Users/marco/Documents/Unreal Projects/RagingEngineZ/Content/SFX/Zombie_Sounds/ZombieAttack_1.ubulk" 1205
"C:/Users/marco/Documents/Unreal Projects/RagingEngineZ/Content/SFX/Zombie_Sounds/ZombieAttack_1.uasset" 1206
"C:/Users/marco/Documents/Unreal Projects/RagingEngineZ/Content/SFX/Zombie_Sounds/ZombieAttack_1.uexp" 1207
"C:/Users/marco/Documents/Unreal Projects/RagingEngineZ/Content/SFX/Zombie_Sounds/ZombieAttack_2.ubulk" 1208
"C:/Users/marco/Documents/Unreal Projects/RagingEngineZ/Content/SFX/Zombie_Sounds/ZombieAttack_2.uasset" 1209
"C:/Users/marco/Documents/Unreal Projects/RagingEngineZ/Content/SFX/Zombie_Sounds/ZombieAttack_2.uexp" 1210
"C:/Users/marco/Documents/Unreal Projects/RagingEngineZ/Content/SFX/Zombie_Sounds/ZombieAttack_3.ubulk" 1211
"C:/Users/marco/Documents/Unreal Projects/RagingEngineZ/Content/SFX/Zombie_Sounds/ZombieAttack_3.uasset" 1212
"C:/Users/marco/Documents/Unreal Projects/RagingEngineZ/Content/SFX/Zombie_Sounds/ZombieAttack_3.uexp" 1213
"C:/Users/marco/Documents/Unreal Projects/RagingEngineZ/Content/SFX/Zombie_Sounds/ZombieAttack_4.ubulk" 1214
"C:/Users/marco/Documents/Unreal Projects/RagingEngineZ/Content/SFX/Zombie_Sounds/ZombieAttack_4.uasset" 1215
"C:/Users/marco/Documents/Unreal Projects/RagingEngineZ/Content/SFX/Zombie_Sounds/ZombieAttack_4.uexp" 1216
"C:/Users/marco/Documents/Unreal Projects/RagingEngineZ/Content/SFX/Zombie_Sounds/Zombie_Attack_SC_Random.uasset" 1217
"C:/Users/marco/Documents/Unreal Projects/RagingEngineZ/Content/SFX/Zombie_Sounds/Zombie_Attack_SC_Random.uexp" 1218
"C:/Users/marco/Documents/Unreal Projects/RagingEngineZ/Content/Models/Animations/Zombie/ZombieAttackFinalZombieAttackFinal1.uasset" 1219
"C:/Users/marco/Documents/Unreal Projects/RagingEngineZ/Content/Models/Animations/Zombie/ZombieAttackFinalZombieAttackFinal1.m.ubulk" 1220
"C:/Users/marco/Documents/Unreal Projects/RagingEngineZ/Content/Models/Animations/Zombie/ZombieAttackFinalZombieAttackFinal1.uexp" 1221
"C:/Users/marco/Documents/Unreal Projects/RagingEngineZ/Content/Models/Animations/Zombie/AM_ZombieAttack.uasset" 1222
"C:/Users/marco/Documents/Unreal Projects/RagingEngineZ/Content/Models/Animations/Zombie/AM_ZombieAttack.uexp" 1223
"C:/Users/marco/Documents/Unreal Projects/RagingEngineZ/Content/Models/Animations/Zombie/Zombie_FinalRig.uasset" 1224
"C:/Users/marco/Documents/Unreal Projects/RagingEngineZ/Content/Models/Animations/Zombie/Zombie_FinalRig.uexp" 1225
"C:/Users/marco/Documents/Unreal Projects/RagingEngineZ/Content/Blueprints/Zombies/STTask_AttackPlayer.uasset" 1226
"C:/Users/marco/Documents/Unreal Projects/RagingEngineZ/Content/Blueprints/Zombies/STTask_AttackPlayer.uexp" 1227
"C:/Users/marco/Documents/Unreal Projects/RagingEngineZ/Content/Blueprints/Zombies/STTask_GetPlayer.uasset" 1228
"C:/Users/marco/Documents/Unreal Projects/RagingEngineZ/Content/Blueprints/Zombies/STTask_GetPlayer.uexp" 1229
"C:/Users/marco/Documents/Unreal Projects/RagingEngineZ/Content/Blueprints/Zombies/ST_ZombieAI.uasset" 1230
"C:/Users/marco/Documents/Unreal Projects/RagingEngineZ/Content/Blueprints/Zombies/ST_ZombieAI.uexp" 1231
"C:/Users/marco/Documents/Unreal Projects/RagingEngineZ/Content/Blueprints/Zombies/BP_ZombieAIController.uasset" 1232
"C:/Users/marco/Documents/Unreal Projects/RagingEngineZ/Content/Blueprints/Zombies/BP_ZombieAIController.uexp" 1233
"C:/Users/marco/Documents/Unreal Projects/RagingEngineZ/Content/Blueprints/Zombies/BP_Zombie.uasset" 1234
"C:/Users/marco/Documents/Unreal Projects/RagingEngineZ/Content/Blueprints/Zombies/BP_Zombie.uexp" 1235
"C:/Users/marco/Documents/Unreal Projects/RagingEngineZ/Content/Models/Weapons/Bullet_Shotgun.ubulk" 1236
"C:/Users/marco/Documents/Unreal Projects/RagingEngineZ/Content/Models/Weapons/Bullet_Shotgun.uasset" 1237
"C:/Users/marco/Documents/Unreal Projects/RagingEngineZ/Content/Models/Weapons/Bullet_Shotgun.uexp" 1238
"C:/Users/marco/Documents/Unreal Projects/RagingEngineZ/Content/Blueprints/Projectiles/BP_ProjectileRicochet.uasset" 1239
"C:/Users/marco/Documents/Unreal Projects/RagingEngineZ/Content/Blueprints/Projectiles/BP_ProjectileRicochet.uexp" 1240
"C:/Users/marco/Documents/Unreal Projects/RagingEngineZ/Content/Blueprints/Projectiles/BP_ShotgunProjectile.uasset" 1241
"C:/Users/marco/Documents/Unreal Projects/RagingEngineZ/Content/Blueprints/Projectiles/BP_ShotgunProjectile.uexp" 1242
"C:/Users/marco/Documents/Unreal Projects/RagingEngineZ/Content/Blueprints/BP_Survivor.uasset" 1243
"C:/Users/marco/Documents/Unreal Projects/RagingEngineZ/Content/Blueprints/BP_Survivor.uexp" 1244
"C:/Users/marco/Documents/Unreal Projects/RagingEngineZ/Content/Blueprints/DataStructures/E_CratePowerUps.uasset" 1245
"C:/Users/marco/Documents/Unreal Projects/RagingEngineZ/Content/Blueprints/DataStructures/E_CratePowerUps.uexp" 1246
"C:/Users/marco/Documents/Unreal Projects/RagingEngineZ/Content/UI/UI_On_Foot.uasset" 1247
"C:/Users/marco/Documents/Unreal Projects/RagingEngineZ/Content/UI/UI_On_Foot.uexp" 1248
"C:/Users/marco/Documents/Unreal Projects/RagingEngineZ/Content/SFX/Car_Sounds/Extraction_Ready.ubulk" 1249
"C:/Users/marco/Documents/Unreal Projects/RagingEngineZ/Content/SFX/Car_Sounds/Extraction_Ready.uasset" 1250
"C:/Users/marco/Documents/Unreal Projects/RagingEngineZ/Content/SFX/Car_Sounds/Extraction_Ready.uexp" 1251
"C:/Users/marco/Documents/Unreal Projects/RagingEngineZ/Content/SFX/Car_Sounds/SA_ExtractionReady.uasset" 1252
"C:/Users/marco/Documents/Unreal Projects/RagingEngineZ/Content/SFX/Car_Sounds/SA_ExtractionReady.uexp" 1253
"C:/Users/marco/Documents/Unreal Projects/RagingEngineZ/Content/Blueprints/BP_ExtractionZone.uasset" 1254
"C:/Users/marco/Documents/Unreal Projects/RagingEngineZ/Content/Blueprints/BP_ExtractionZone.uexp" 1255
"C:/Users/marco/Documents/Unreal Projects/RagingEngineZ/Content/SFX/MoneyBag_Spawn.ubulk" 1256
"C:/Users/marco/Documents/Unreal Projects/RagingEngineZ/Content/SFX/MoneyBag_Spawn.uasset" 1257
"C:/Users/marco/Documents/Unreal Projects/RagingEngineZ/Content/SFX/MoneyBag_Spawn.uexp" 1258
"C:/Users/marco/Documents/Unreal Projects/RagingEngineZ/Content/UI/UI_EndScreen.uasset" 1259
"C:/Users/marco/Documents/Unreal Projects/RagingEngineZ/Content/UI/UI_EndScreen.uexp" 1260
"C:/Users/marco/Documents/Unreal Projects/RagingEngineZ/Content/Blueprints/DataStructures/E_UpgradeType.uasset" 1261
"C:/Users/marco/Documents/Unreal Projects/RagingEngineZ/Content/Blueprints/DataStructures/E_UpgradeType.uexp" 1262
"C:/Users/marco/Documents/Unreal Projects/RagingEngineZ/Content/Blueprints/DataStructures/E_WeaponUpgradeType.uasset" 1263
"C:/Users/marco/Documents/Unreal Projects/RagingEngineZ/Content/Blueprints/DataStructures/E_WeaponUpgradeType.uexp" 1264
"C:/Users/marco/Documents/Unreal Projects/RagingEngineZ/Content/Blueprints/GameMode/BPI_GameOver.uasset" 1265
"C:/Users/marco/Documents/Unreal Projects/RagingEngineZ/Content/Blueprints/GameMode/BPI_GameOver.uexp" 1266
"C:/Users/marco/Documents/Unreal Projects/RagingEngineZ/Content/Blueprints/GameMode/BP_GameInstance.uasset" 1267
"C:/Users/marco/Documents/Unreal Projects/RagingEngineZ/Content/Blueprints/GameMode/BP_GameInstance.uexp" 1268
"C:/Users/marco/Documents/Unreal Projects/RagingEngineZ/Content/Blueprints/AC_CarHealth.uasset" 1269
"C:/Users/marco/Documents/Unreal Projects/RagingEngineZ/Content/Blueprints/AC_CarHealth.uexp" 1270
"../../../Engine/Content/BasicShapes/Plane.ubulk" 1271
"../../../Engine/Content/BasicShapes/Plane.uasset" 1272
"../../../Engine/Content/BasicShapes/Plane.uexp" 1273
"C:/Users/marco/Documents/Unreal Projects/RagingEngineZ/Content/Textures/TopDown_Floor/Env_TopDown_Floor_standardSurface1_BaseColor.ubulk" 1274
"C:/Users/marco/Documents/Unreal Projects/RagingEngineZ/Content/Textures/TopDown_Floor/Env_TopDown_Floor_standardSurface1_BaseColor.uasset" 1275
"C:/Users/marco/Documents/Unreal Projects/RagingEngineZ/Content/Textures/TopDown_Floor/Env_TopDown_Floor_standardSurface1_BaseColor.uexp" 1276
"C:/Users/marco/Documents/Unreal Projects/RagingEngineZ/Content/Textures/TopDown_Floor/Env_TopDown_Floor_standardSurface1_Normal.ubulk" 1277
"C:/Users/marco/Documents/Unreal Projects/RagingEngineZ/Content/Textures/TopDown_Floor/Env_TopDown_Floor_standardSurface1_Normal.uasset" 1278
"C:/Users/marco/Documents/Unreal Projects/RagingEngineZ/Content/Textures/TopDown_Floor/Env_TopDown_Floor_standardSurface1_Normal.uexp" 1279
"C:/Users/marco/Documents/Unreal Projects/RagingEngineZ/Content/Textures/TopDown_Floor/Env_TopDown_Floor_standardSurface1_OcclusionRoughnessMetallic.ubulk" 1280
"C:/Users/marco/Documents/Unreal Projects/RagingEngineZ/Content/Textures/TopDown_Floor/Env_TopDown_Floor_standardSurface1_OcclusionRoughnessMetallic.uasset" 1281
"C:/Users/marco/Documents/Unreal Projects/RagingEngineZ/Content/Textures/TopDown_Floor/Env_TopDown_Floor_standardSurface1_OcclusionRoughnessMetallic.uexp" 1282
"C:/Users/marco/Documents/Unreal Projects/RagingEngineZ/Content/Materials/M_TopDown_Floor.uasset" 1283
"C:/Users/marco/Documents/Unreal Projects/RagingEngineZ/Content/Materials/M_TopDown_Floor.uexp" 1284
"C:/Users/marco/Documents/Unreal Projects/RagingEngineZ/Content/Blueprints/BP_EndlessStartFix.uasset" 1285
"C:/Users/marco/Documents/Unreal Projects/RagingEngineZ/Content/Blueprints/BP_EndlessStartFix.uexp" 1286
"C:/Users/marco/Documents/Unreal Projects/RagingEngineZ/Content/Models/Environment/standardSurface1.uasset" 1287
"C:/Users/marco/Documents/Unreal Projects/RagingEngineZ/Content/Models/Environment/standardSurface1.uexp" 1288
"C:/Users/marco/Documents/Unreal Projects/RagingEngineZ/Content/Models/Environment/Environment_Sidewalk.ubulk" 1289
"C:/Users/marco/Documents/Unreal Projects/RagingEngineZ/Content/Models/Environment/Environment_Sidewalk.uasset" 1290
"C:/Users/marco/Documents/Unreal Projects/RagingEngineZ/Content/Models/Environment/Environment_Sidewalk.uexp" 1291
"C:/Users/marco/Documents/Unreal Projects/RagingEngineZ/Content/Textures/Road/Environment_Sidewalk_standardSurface1_BaseColor.ubulk" 1292
"C:/Users/marco/Documents/Unreal Projects/RagingEngineZ/Content/Textures/Road/Environment_Sidewalk_standardSurface1_BaseColor.uasset" 1293
"C:/Users/marco/Documents/Unreal Projects/RagingEngineZ/Content/Textures/Road/Environment_Sidewalk_standardSurface1_BaseColor.uexp" 1294
"C:/Users/marco/Documents/Unreal Projects/RagingEngineZ/Content/Textures/Road/Environment_Sidewalk_standardSurface1_Normal.ubulk" 1295
"C:/Users/marco/Documents/Unreal Projects/RagingEngineZ/Content/Textures/Road/Environment_Sidewalk_standardSurface1_Normal.uasset" 1296
"C:/Users/marco/Documents/Unreal Projects/RagingEngineZ/Content/Textures/Road/Environment_Sidewalk_standardSurface1_Normal.uexp" 1297
"C:/Users/marco/Documents/Unreal Projects/RagingEngineZ/Content/Textures/Road/Environment_Sidewalk_standardSurface1_OcclusionRoughnessMetallic.ubulk" 1298
"C:/Users/marco/Documents/Unreal Projects/RagingEngineZ/Content/Textures/Road/Environment_Sidewalk_standardSurface1_OcclusionRoughnessMetallic.uasset" 1299
"C:/Users/marco/Documents/Unreal Projects/RagingEngineZ/Content/Textures/Road/Environment_Sidewalk_standardSurface1_OcclusionRoughnessMetallic.uexp" 1300
"C:/Users/marco/Documents/Unreal Projects/RagingEngineZ/Content/Textures/Road/M_Road.uasset" 1301
"C:/Users/marco/Documents/Unreal Projects/RagingEngineZ/Content/Textures/Road/M_Road.uexp" 1302
"C:/Users/marco/Documents/Unreal Projects/RagingEngineZ/Content/Models/Environment/Tile_Road.ubulk" 1303
"C:/Users/marco/Documents/Unreal Projects/RagingEngineZ/Content/Models/Environment/Tile_Road.uasset" 1304
"C:/Users/marco/Documents/Unreal Projects/RagingEngineZ/Content/Models/Environment/Tile_Road.uexp" 1305
"C:/Users/marco/Documents/Unreal Projects/RagingEngineZ/Content/Textures/Sidewalk/Environment_Sidewalk_standardSurface1_BaseColor.ubulk" 1306
"C:/Users/marco/Documents/Unreal Projects/RagingEngineZ/Content/Textures/Sidewalk/Environment_Sidewalk_standardSurface1_BaseColor.uasset" 1307
"C:/Users/marco/Documents/Unreal Projects/RagingEngineZ/Content/Textures/Sidewalk/Environment_Sidewalk_standardSurface1_BaseColor.uexp" 1308
"C:/Users/marco/Documents/Unreal Projects/RagingEngineZ/Content/Textures/Sidewalk/Environment_Sidewalk_standardSurface1_Normal.ubulk" 1309
"C:/Users/marco/Documents/Unreal Projects/RagingEngineZ/Content/Textures/Sidewalk/Environment_Sidewalk_standardSurface1_Normal.uasset" 1310
"C:/Users/marco/Documents/Unreal Projects/RagingEngineZ/Content/Textures/Sidewalk/Environment_Sidewalk_standardSurface1_Normal.uexp" 1311
"C:/Users/marco/Documents/Unreal Projects/RagingEngineZ/Content/Textures/Sidewalk/Environment_Sidewalk_standardSurface1_OcclusionRoughnessMetallic.ubulk" 1312
"C:/Users/marco/Documents/Unreal Projects/RagingEngineZ/Content/Textures/Sidewalk/Environment_Sidewalk_standardSurface1_OcclusionRoughnessMetallic.uasset" 1313
"C:/Users/marco/Documents/Unreal Projects/RagingEngineZ/Content/Textures/Sidewalk/Environment_Sidewalk_standardSurface1_OcclusionRoughnessMetallic.uexp" 1314
"C:/Users/marco/Documents/Unreal Projects/RagingEngineZ/Content/Textures/Sidewalk/M_Sidewalk.uasset" 1315
"C:/Users/marco/Documents/Unreal Projects/RagingEngineZ/Content/Textures/Sidewalk/M_Sidewalk.uexp" 1316
"C:/Users/marco/Documents/Unreal Projects/RagingEngineZ/Content/Blueprints/GameMode/BPI_NewTile.uasset" 1317
"C:/Users/marco/Documents/Unreal Projects/RagingEngineZ/Content/Blueprints/GameMode/BPI_NewTile.uexp" 1318
"C:/Users/marco/Documents/Unreal Projects/RagingEngineZ/Content/Blueprints/CS_ObstacleHit.uasset" 1319
"C:/Users/marco/Documents/Unreal Projects/RagingEngineZ/Content/Blueprints/CS_ObstacleHit.uexp" 1320
"C:/Users/marco/Documents/Unreal Projects/RagingEngineZ/Content/SFX/Car_Sounds/Car_Damage_V2.ubulk" 1321
"C:/Users/marco/Documents/Unreal Projects/RagingEngineZ/Content/SFX/Car_Sounds/Car_Damage_V2.uasset" 1322
"C:/Users/marco/Documents/Unreal Projects/RagingEngineZ/Content/SFX/Car_Sounds/Car_Damage_V2.uexp" 1323
"C:/Users/marco/Documents/Unreal Projects/RagingEngineZ/Content/Blueprints/ObjectsToSpawn/Obstacles/BP_Obstacle.uasset" 1324
"C:/Users/marco/Documents/Unreal Projects/RagingEngineZ/Content/Blueprints/ObjectsToSpawn/Obstacles/BP_Obstacle.uexp" 1325
"C:/Users/marco/Documents/Unreal Projects/RagingEngineZ/Content/Blueprints/ObjectsToSpawn/Environment/BP_EnvironmentTiles.uasset" 1326
"C:/Users/marco/Documents/Unreal Projects/RagingEngineZ/Content/Blueprints/ObjectsToSpawn/Environment/BP_EnvironmentTiles.uexp" 1327
"C:/Users/marco/Documents/Unreal Projects/RagingEngineZ/Content/Blueprints/DataStructures/Enum_ObjectsToSpawn.uasset" 1328
"C:/Users/marco/Documents/Unreal Projects/RagingEngineZ/Content/Blueprints/DataStructures/Enum_ObjectsToSpawn.uexp" 1329
"C:/Users/marco/Documents/Unreal Projects/RagingEngineZ/Content/Blueprints/DataStructures/Structure_LaneSpawn.uasset" 1330
"C:/Users/marco/Documents/Unreal Projects/RagingEngineZ/Content/Blueprints/DataStructures/Structure_LaneSpawn.uexp" 1331
"C:/Users/marco/Documents/Unreal Projects/RagingEngineZ/Content/VFX/NS_Blood_Big.uasset" 1332
"C:/Users/marco/Documents/Unreal Projects/RagingEngineZ/Content/VFX/NS_Blood_Big.uexp" 1333
"C:/Users/marco/Documents/Unreal Projects/RagingEngineZ/Content/Models/Animations/Zombie/ABP_ZombieObstacle.uasset" 1334
"C:/Users/marco/Documents/Unreal Projects/RagingEngineZ/Content/Models/Animations/Zombie/ABP_ZombieObstacle.uexp" 1335
"C:/Users/marco/Documents/Unreal Projects/RagingEngineZ/Content/Blueprints/ObjectsToSpawn/Obstacles/BP_Obstacle_Zombie.uasset" 1336
"C:/Users/marco/Documents/Unreal Projects/RagingEngineZ/Content/Blueprints/ObjectsToSpawn/Obstacles/BP_Obstacle_Zombie.uexp" 1337
"C:/Users/marco/Documents/Unreal Projects/RagingEngineZ/Content/VFX/NS_Explosion2.uasset" 1338
"C:/Users/marco/Documents/Unreal Projects/RagingEngineZ/Content/VFX/NS_Explosion2.uexp" 1339
"C:/Users/marco/Documents/Unreal Projects/RagingEngineZ/Content/Blueprints/ObjectsToSpawn/Obstacles/Obstacle_Landmine.ubulk" 1340
"C:/Users/marco/Documents/Unreal Projects/RagingEngineZ/Content/Blueprints/ObjectsToSpawn/Obstacles/Obstacle_Landmine.uasset" 1341
"C:/Users/marco/Documents/Unreal Projects/RagingEngineZ/Content/Blueprints/ObjectsToSpawn/Obstacles/Obstacle_Landmine.uexp" 1342
"C:/Users/marco/Documents/Unreal Projects/RagingEngineZ/Content/Blueprints/ObjectsToSpawn/Obstacles/BP_Obstacle_Landmine.uasset" 1343
"C:/Users/marco/Documents/Unreal Projects/RagingEngineZ/Content/Blueprints/ObjectsToSpawn/Obstacles/BP_Obstacle_Landmine.uexp" 1344
"C:/Users/marco/Documents/Unreal Projects/RagingEngineZ/Content/Textures/Building_A/Wall_Building_A_M_building_A_BaseColor.ubulk" 1345
"C:/Users/marco/Documents/Unreal Projects/RagingEngineZ/Content/Textures/Building_A/Wall_Building_A_M_building_A_BaseColor.uasset" 1346
"C:/Users/marco/Documents/Unreal Projects/RagingEngineZ/Content/Textures/Building_A/Wall_Building_A_M_building_A_BaseColor.uexp" 1347
"C:/Users/marco/Documents/Unreal Projects/RagingEngineZ/Content/Textures/Building_A/Wall_Building_A_M_building_A_Normal.ubulk" 1348
"C:/Users/marco/Documents/Unreal Projects/RagingEngineZ/Content/Textures/Building_A/Wall_Building_A_M_building_A_Normal.uasset" 1349
"C:/Users/marco/Documents/Unreal Projects/RagingEngineZ/Content/Textures/Building_A/Wall_Building_A_M_building_A_Normal.uexp" 1350
"C:/Users/marco/Documents/Unreal Projects/RagingEngineZ/Content/Textures/Building_A/Wall_Building_A_M_building_A_OcclusionRoughnessMetallic.ubulk" 1351
"C:/Users/marco/Documents/Unreal Projects/RagingEngineZ/Content/Textures/Building_A/Wall_Building_A_M_building_A_OcclusionRoughnessMetallic.uasset" 1352
"C:/Users/marco/Documents/Unreal Projects/RagingEngineZ/Content/Textures/Building_A/Wall_Building_A_M_building_A_OcclusionRoughnessMetallic.uexp" 1353
"C:/Users/marco/Documents/Unreal Projects/RagingEngineZ/Content/Textures/Building_A/M_Building_A.uasset" 1354
"C:/Users/marco/Documents/Unreal Projects/RagingEngineZ/Content/Textures/Building_A/M_Building_A.uexp" 1355
"C:/Users/marco/Documents/Unreal Projects/RagingEngineZ/Content/Models/Environment/Wall_Building_A.ubulk" 1356
"C:/Users/marco/Documents/Unreal Projects/RagingEngineZ/Content/Models/Environment/Wall_Building_A.uasset" 1357
"C:/Users/marco/Documents/Unreal Projects/RagingEngineZ/Content/Models/Environment/Wall_Building_A.uexp" 1358
"C:/Users/marco/Documents/Unreal Projects/RagingEngineZ/Content/Blueprints/ObjectsToSpawn/Environment/BP_EnvironmentTiles_A.uasset" 1359
"C:/Users/marco/Documents/Unreal Projects/RagingEngineZ/Content/Blueprints/ObjectsToSpawn/Environment/BP_EnvironmentTiles_A.uexp" 1360
"C:/Users/marco/Documents/Unreal Projects/RagingEngineZ/Content/Textures/Building_B/Wall_Building_B_M_Building_B_BaseColor.ubulk" 1361
"C:/Users/marco/Documents/Unreal Projects/RagingEngineZ/Content/Textures/Building_B/Wall_Building_B_M_Building_B_BaseColor.uasset" 1362
"C:/Users/marco/Documents/Unreal Projects/RagingEngineZ/Content/Textures/Building_B/Wall_Building_B_M_Building_B_BaseColor.uexp" 1363
"C:/Users/marco/Documents/Unreal Projects/RagingEngineZ/Content/Textures/Building_B/Wall_Building_B_M_Building_B_Normal.ubulk" 1364
"C:/Users/marco/Documents/Unreal Projects/RagingEngineZ/Content/Textures/Building_B/Wall_Building_B_M_Building_B_Normal.uasset" 1365
"C:/Users/marco/Documents/Unreal Projects/RagingEngineZ/Content/Textures/Building_B/Wall_Building_B_M_Building_B_Normal.uexp" 1366
"C:/Users/marco/Documents/Unreal Projects/RagingEngineZ/Content/Textures/Building_B/Wall_Building_B_M_Building_B_OcclusionRoughnessMetallic.ubulk" 1367
"C:/Users/marco/Documents/Unreal Projects/RagingEngineZ/Content/Textures/Building_B/Wall_Building_B_M_Building_B_OcclusionRoughnessMetallic.uasset" 1368
"C:/Users/marco/Documents/Unreal Projects/RagingEngineZ/Content/Textures/Building_B/Wall_Building_B_M_Building_B_OcclusionRoughnessMetallic.uexp" 1369
"C:/Users/marco/Documents/Unreal Projects/RagingEngineZ/Content/Textures/Building_B/M_Building_B.uasset" 1370
"C:/Users/marco/Documents/Unreal Projects/RagingEngineZ/Content/Textures/Building_B/M_Building_B.uexp" 1371
"C:/Users/marco/Documents/Unreal Projects/RagingEngineZ/Content/Models/Environment/Wall_Building_B.ubulk" 1372
"C:/Users/marco/Documents/Unreal Projects/RagingEngineZ/Content/Models/Environment/Wall_Building_B.uasset" 1373
"C:/Users/marco/Documents/Unreal Projects/RagingEngineZ/Content/Models/Environment/Wall_Building_B.uexp" 1374
"C:/Users/marco/Documents/Unreal Projects/RagingEngineZ/Content/Blueprints/ObjectsToSpawn/Environment/BP_EnvironmentTiles_B.uasset" 1375
"C:/Users/marco/Documents/Unreal Projects/RagingEngineZ/Content/Blueprints/ObjectsToSpawn/Environment/BP_EnvironmentTiles_B.uexp" 1376
"C:/Users/marco/Documents/Unreal Projects/RagingEngineZ/Content/Textures/Building_C/Wall_Building_C_M_Building_C_BaseColor.ubulk" 1377
"C:/Users/marco/Documents/Unreal Projects/RagingEngineZ/Content/Textures/Building_C/Wall_Building_C_M_Building_C_BaseColor.uasset" 1378
"C:/Users/marco/Documents/Unreal Projects/RagingEngineZ/Content/Textures/Building_C/Wall_Building_C_M_Building_C_BaseColor.uexp" 1379
"C:/Users/marco/Documents/Unreal Projects/RagingEngineZ/Content/Textures/Building_C/Wall_Building_C_M_Building_C_Normal.ubulk" 1380
"C:/Users/marco/Documents/Unreal Projects/RagingEngineZ/Content/Textures/Building_C/Wall_Building_C_M_Building_C_Normal.uasset" 1381
"C:/Users/marco/Documents/Unreal Projects/RagingEngineZ/Content/Textures/Building_C/Wall_Building_C_M_Building_C_Normal.uexp" 1382
"C:/Users/marco/Documents/Unreal Projects/RagingEngineZ/Content/Textures/Building_C/Wall_Building_C_M_Building_C_OcclusionRoughnessMetallic.ubulk" 1383
"C:/Users/marco/Documents/Unreal Projects/RagingEngineZ/Content/Textures/Building_C/Wall_Building_C_M_Building_C_OcclusionRoughnessMetallic.uasset" 1384
"C:/Users/marco/Documents/Unreal Projects/RagingEngineZ/Content/Textures/Building_C/Wall_Building_C_M_Building_C_OcclusionRoughnessMetallic.uexp" 1385
"C:/Users/marco/Documents/Unreal Projects/RagingEngineZ/Content/Textures/Building_C/M_Building_C.uasset" 1386
"C:/Users/marco/Documents/Unreal Projects/RagingEngineZ/Content/Textures/Building_C/M_Building_C.uexp" 1387
"C:/Users/marco/Documents/Unreal Projects/RagingEngineZ/Content/Models/Environment/Wall_Building_C.ubulk" 1388
"C:/Users/marco/Documents/Unreal Projects/RagingEngineZ/Content/Models/Environment/Wall_Building_C.uasset" 1389
"C:/Users/marco/Documents/Unreal Projects/RagingEngineZ/Content/Models/Environment/Wall_Building_C.uexp" 1390
"C:/Users/marco/Documents/Unreal Projects/RagingEngineZ/Content/Blueprints/ObjectsToSpawn/Environment/BP_EnvironmentTiles_C.uasset" 1391
"C:/Users/marco/Documents/Unreal Projects/RagingEngineZ/Content/Blueprints/ObjectsToSpawn/Environment/BP_EnvironmentTiles_C.uexp" 1392
"C:/Users/marco/Documents/Unreal Projects/RagingEngineZ/Content/Textures/Building_D/Wall_Building_D_low_standardSurface6_BaseColor.ubulk" 1393
"C:/Users/marco/Documents/Unreal Projects/RagingEngineZ/Content/Textures/Building_D/Wall_Building_D_low_standardSurface6_BaseColor.uasset" 1394
"C:/Users/marco/Documents/Unreal Projects/RagingEngineZ/Content/Textures/Building_D/Wall_Building_D_low_standardSurface6_BaseColor.uexp" 1395
"C:/Users/marco/Documents/Unreal Projects/RagingEngineZ/Content/Textures/Building_D/Wall_Building_D_low_standardSurface6_Normal.ubulk" 1396
"C:/Users/marco/Documents/Unreal Projects/RagingEngineZ/Content/Textures/Building_D/Wall_Building_D_low_standardSurface6_Normal.uasset" 1397
"C:/Users/marco/Documents/Unreal Projects/RagingEngineZ/Content/Textures/Building_D/Wall_Building_D_low_standardSurface6_Normal.uexp" 1398
"C:/Users/marco/Documents/Unreal Projects/RagingEngineZ/Content/Textures/Building_D/Wall_Building_D_low_standardSurface6_OcclusionRoughnessMetallic.ubulk" 1399
"C:/Users/marco/Documents/Unreal Projects/RagingEngineZ/Content/Textures/Building_D/Wall_Building_D_low_standardSurface6_OcclusionRoughnessMetallic.uasset" 1400
"C:/Users/marco/Documents/Unreal Projects/RagingEngineZ/Content/Textures/Building_D/Wall_Building_D_low_standardSurface6_OcclusionRoughnessMetallic.uexp" 1401
"C:/Users/marco/Documents/Unreal Projects/RagingEngineZ/Content/Textures/Building_D/M_Building_D.uasset" 1402
"C:/Users/marco/Documents/Unreal Projects/RagingEngineZ/Content/Textures/Building_D/M_Building_D.uexp" 1403
"C:/Users/marco/Documents/Unreal Projects/RagingEngineZ/Content/Models/Environment/Wall_Building_D.ubulk" 1404
"C:/Users/marco/Documents/Unreal Projects/RagingEngineZ/Content/Models/Environment/Wall_Building_D.uasset" 1405
"C:/Users/marco/Documents/Unreal Projects/RagingEngineZ/Content/Models/Environment/Wall_Building_D.uexp" 1406
"C:/Users/marco/Documents/Unreal Projects/RagingEngineZ/Content/Blueprints/ObjectsToSpawn/Environment/BP_EnvironmentTiles_D.uasset" 1407
"C:/Users/marco/Documents/Unreal Projects/RagingEngineZ/Content/Blueprints/ObjectsToSpawn/Environment/BP_EnvironmentTiles_D.uexp" 1408
"C:/Users/marco/Documents/Unreal Projects/RagingEngineZ/Content/Models/Obstacles/Obstacle_Barricade.ubulk" 1409
"C:/Users/marco/Documents/Unreal Projects/RagingEngineZ/Content/Models/Obstacles/Obstacle_Barricade.uasset" 1410
"C:/Users/marco/Documents/Unreal Projects/RagingEngineZ/Content/Models/Obstacles/Obstacle_Barricade.uexp" 1411
"C:/Users/marco/Documents/Unreal Projects/RagingEngineZ/Content/Blueprints/ObjectsToSpawn/Obstacles/BP_Obstacle_Barrier.uasset" 1412
"C:/Users/marco/Documents/Unreal Projects/RagingEngineZ/Content/Blueprints/ObjectsToSpawn/Obstacles/BP_Obstacle_Barrier.uexp" 1413
"C:/Users/marco/Documents/Unreal Projects/RagingEngineZ/Content/Models/Obstacles/Prop_Traffic_Cone.ubulk" 1414
"C:/Users/marco/Documents/Unreal Projects/RagingEngineZ/Content/Models/Obstacles/Prop_Traffic_Cone.uasset" 1415
"C:/Users/marco/Documents/Unreal Projects/RagingEngineZ/Content/Models/Obstacles/Prop_Traffic_Cone.uexp" 1416
"C:/Users/marco/Documents/Unreal Projects/RagingEngineZ/Content/Blueprints/ObjectsToSpawn/Obstacles/BP_Obstacle_Cone.uasset" 1417
"C:/Users/marco/Documents/Unreal Projects/RagingEngineZ/Content/Blueprints/ObjectsToSpawn/Obstacles/BP_Obstacle_Cone.uexp" 1418
"C:/Users/marco/Documents/Unreal Projects/RagingEngineZ/Content/Materials/M_Oil.uasset" 1419
"C:/Users/marco/Documents/Unreal Projects/RagingEngineZ/Content/Materials/M_Oil.uexp" 1420
"C:/Users/marco/Documents/Unreal Projects/RagingEngineZ/Content/Models/Obstacles/Obstacle_Pothole.ubulk" 1421
"C:/Users/marco/Documents/Unreal Projects/RagingEngineZ/Content/Models/Obstacles/Obstacle_Pothole.uasset" 1422
"C:/Users/marco/Documents/Unreal Projects/RagingEngineZ/Content/Models/Obstacles/Obstacle_Pothole.uexp" 1423
"C:/Users/marco/Documents/Unreal Projects/RagingEngineZ/Content/SFX/Car_Sounds/Car_Oil.ubulk" 1424
"C:/Users/marco/Documents/Unreal Projects/RagingEngineZ/Content/SFX/Car_Sounds/Car_Oil.uasset" 1425
"C:/Users/marco/Documents/Unreal Projects/RagingEngineZ/Content/SFX/Car_Sounds/Car_Oil.uexp" 1426
"C:/Users/marco/Documents/Unreal Projects/RagingEngineZ/Content/Blueprints/ObjectsToSpawn/Obstacles/BP_Obstacle_OilSlick.uasset" 1427
"C:/Users/marco/Documents/Unreal Projects/RagingEngineZ/Content/Blueprints/ObjectsToSpawn/Obstacles/BP_Obstacle_OilSlick.uexp" 1428
"C:/Users/marco/Documents/Unreal Projects/RagingEngineZ/Content/Models/Obstacles/Obstacle_Spike_Trap.ubulk" 1429
"C:/Users/marco/Documents/Unreal Projects/RagingEngineZ/Content/Models/Obstacles/Obstacle_Spike_Trap.uasset" 1430
"C:/Users/marco/Documents/Unreal Projects/RagingEngineZ/Content/Models/Obstacles/Obstacle_Spike_Trap.uexp" 1431
"C:/Users/marco/Documents/Unreal Projects/RagingEngineZ/Content/Blueprints/ObjectsToSpawn/Obstacles/BP_Obstacle_Spike.uasset" 1432
"C:/Users/marco/Documents/Unreal Projects/RagingEngineZ/Content/Blueprints/ObjectsToSpawn/Obstacles/BP_Obstacle_Spike.uexp" 1433
"C:/Users/marco/Documents/Unreal Projects/RagingEngineZ/Content/Blueprints/GameMode/BP_EndlessGameMode.uasset" 1434
"C:/Users/marco/Documents/Unreal Projects/RagingEngineZ/Content/Blueprints/GameMode/BP_EndlessGameMode.uexp" 1435
"C:/Users/marco/Documents/Unreal Projects/RagingEngineZ/Content/Blueprints/BP_FloorTile.uasset" 1436
"C:/Users/marco/Documents/Unreal Projects/RagingEngineZ/Content/Blueprints/BP_FloorTile.uexp" 1437
"../../../Engine/Content/Functions/Engine_MaterialFunctions02/Utility/BreakOutFloat4Components.uasset" 1438
"../../../Engine/Content/Functions/Engine_MaterialFunctions02/Utility/BreakOutFloat4Components.uexp" 1439
"../../../Engine/Content/Functions/Engine_MaterialFunctions02/Utility/MakeFloat4.uasset" 1440
"../../../Engine/Content/Functions/Engine_MaterialFunctions02/Utility/MakeFloat4.uexp" 1441
"../../../Engine/Content/EngineResources/DefaultVolumeTexture2D.uasset" 1442
"../../../Engine/Content/EngineResources/DefaultVolumeTexture2D.uexp" 1443
"../../../Engine/Content/EngineResources/DefaultVolumeTexture.uasset" 1444
"../../../Engine/Content/EngineResources/DefaultVolumeTexture.uexp" 1445
"../../../Engine/Content/EngineSky/VolumetricClouds/VT_Lightning.uasset" 1446
"../../../Engine/Content/EngineSky/VolumetricClouds/VT_Lightning.uexp" 1447
"../../../Engine/Content/Functions/Engine_MaterialFunctions01/Units/Km-to-Cm.uasset" 1448
"../../../Engine/Content/Functions/Engine_MaterialFunctions01/Units/Km-to-Cm.uexp" 1449
"../../../Engine/Content/EngineSky/VolumetricClouds/m_SimpleVolumetricCloud.uasset" 1450
"../../../Engine/Content/EngineSky/VolumetricClouds/m_SimpleVolumetricCloud.uexp" 1451
"../../../Engine/Content/EngineSky/VolumetricClouds/T_CloudMask.ubulk" 1452
"../../../Engine/Content/EngineSky/VolumetricClouds/T_CloudMask.uasset" 1453
"../../../Engine/Content/EngineSky/VolumetricClouds/T_CloudMask.uexp" 1454
"../../../Engine/Content/EngineSky/VolumetricClouds/T_CloudPattern.ubulk" 1455
"../../../Engine/Content/EngineSky/VolumetricClouds/T_CloudPattern.uasset" 1456
"../../../Engine/Content/EngineSky/VolumetricClouds/T_CloudPattern.uexp" 1457
"../../../Engine/Content/EngineSky/VolumetricClouds/T_Profile_08.ubulk" 1458
"../../../Engine/Content/EngineSky/VolumetricClouds/T_Profile_08.uasset" 1459
"../../../Engine/Content/EngineSky/VolumetricClouds/T_Profile_08.uexp" 1460
"../../../Engine/Content/EngineSky/VolumetricClouds/VT_PerlinWorley_Balanced.uasset" 1461
"../../../Engine/Content/EngineSky/VolumetricClouds/VT_PerlinWorley_Balanced.uexp" 1462
"../../../Engine/Content/EngineSky/VolumetricClouds/m_SimpleVolumetricCloud_Inst.uasset" 1463
"../../../Engine/Content/EngineSky/VolumetricClouds/m_SimpleVolumetricCloud_Inst.uexp" 1464
"C:/Users/marco/Documents/Unreal Projects/RagingEngineZ/Content/Inputs/NoVirtualJoystickOnly.uasset" 1465
"C:/Users/marco/Documents/Unreal Projects/RagingEngineZ/Content/Inputs/NoVirtualJoystickOnly.uexp" 1466
"C:/Users/marco/Documents/Unreal Projects/RagingEngineZ/Content/Materials/M_Fog.uasset" 1467
"C:/Users/marco/Documents/Unreal Projects/RagingEngineZ/Content/Materials/M_Fog.uexp" 1468
"C:/Users/marco/Documents/Unreal Projects/RagingEngineZ/Content/Materials/PostProcess/M_PSXShader.uasset" 1469
"C:/Users/marco/Documents/Unreal Projects/RagingEngineZ/Content/Materials/PostProcess/M_PSXShader.uexp" 1470
"C:/Users/marco/Documents/Unreal Projects/RagingEngineZ/Content/Materials/PostProcess/MI_PSXShader.uasset" 1471
"C:/Users/marco/Documents/Unreal Projects/RagingEngineZ/Content/Materials/PostProcess/MI_PSXShader.uexp" 1472
"C:/Users/marco/Documents/Unreal Projects/RagingEngineZ/Content/Levels/LV_EndlessRuner.uexp" 1473
"C:/Users/marco/Documents/Unreal Projects/RagingEngineZ/Content/Levels/LV_EndlessRuner.umap" 1474
"C:/Users/marco/Documents/Unreal Projects/RagingEngineZ/Content/UI/BP_EndScreen.uasset" 1475
"C:/Users/marco/Documents/Unreal Projects/RagingEngineZ/Content/UI/BP_EndScreen.uexp" 1476
"C:/Users/marco/Documents/Unreal Projects/RagingEngineZ/Content/Levels/LV_EndScreen.uexp" 1477
"C:/Users/marco/Documents/Unreal Projects/RagingEngineZ/Content/Levels/LV_EndScreen.umap" 1478
"C:/Users/marco/Documents/Unreal Projects/RagingEngineZ/Content/Blueprints/BP_SurvivorCamera.uasset" 1479
"C:/Users/marco/Documents/Unreal Projects/RagingEngineZ/Content/Blueprints/BP_SurvivorCamera.uexp" 1480
"C:/Users/marco/Documents/Unreal Projects/RagingEngineZ/Content/Inputs/SurvivorVirtualJoystickOnly.uasset" 1481
"C:/Users/marco/Documents/Unreal Projects/RagingEngineZ/Content/Inputs/SurvivorVirtualJoystickOnly.uexp" 1482
"C:/Users/marco/Documents/Unreal Projects/RagingEngineZ/Content/SFX/CratePowerUp.ubulk" 1483
"C:/Users/marco/Documents/Unreal Projects/RagingEngineZ/Content/SFX/CratePowerUp.uasset" 1484
"C:/Users/marco/Documents/Unreal Projects/RagingEngineZ/Content/SFX/CratePowerUp.uexp" 1485
"C:/Users/marco/Documents/Unreal Projects/RagingEngineZ/Content/Blueprints/ObjectsToSpawn/PowerUps/BP_CratePower.uasset" 1486
"C:/Users/marco/Documents/Unreal Projects/RagingEngineZ/Content/Blueprints/ObjectsToSpawn/PowerUps/BP_CratePower.uexp" 1487
"C:/Users/marco/Documents/Unreal Projects/RagingEngineZ/Content/Blueprints/ObjectsToSpawn/Environment/BP_SurvivorObstacles.uasset" 1488
"C:/Users/marco/Documents/Unreal Projects/RagingEngineZ/Content/Blueprints/ObjectsToSpawn/Environment/BP_SurvivorObstacles.uexp" 1489
"C:/Users/marco/Documents/Unreal Projects/RagingEngineZ/Content/Blueprints/ObjectsToSpawn/Environment/BP_SurvivorWall.uasset" 1490
"C:/Users/marco/Documents/Unreal Projects/RagingEngineZ/Content/Blueprints/ObjectsToSpawn/Environment/BP_SurvivorWall.uexp" 1491
"C:/Users/marco/Documents/Unreal Projects/RagingEngineZ/Content/Blueprints/BP_SurvivorTile.uasset" 1492
"C:/Users/marco/Documents/Unreal Projects/RagingEngineZ/Content/Blueprints/BP_SurvivorTile.uexp" 1493
"../../../Engine/Content/BasicShapes/Cylinder.ubulk" 1494
"../../../Engine/Content/BasicShapes/Cylinder.uasset" 1495
"../../../Engine/Content/BasicShapes/Cylinder.uexp" 1496
"../../../Engine/Content/BasicShapes/BasicShapeMaterial.uasset" 1497
"../../../Engine/Content/BasicShapes/BasicShapeMaterial.uexp" 1498
"C:/Users/marco/Documents/Unreal Projects/RagingEngineZ/Content/Models/Animations/Zombie_Boss/Zombie_Boss_Skeleton.uasset" 1499
"C:/Users/marco/Documents/Unreal Projects/RagingEngineZ/Content/Models/Animations/Zombie_Boss/Zombie_Boss_Skeleton.uexp" 1500
"C:/Users/marco/Documents/Unreal Projects/RagingEngineZ/Content/Models/Animations/Zombie_Boss/Zombie_Boss_Idle_Anim.uasset" 1501
"C:/Users/marco/Documents/Unreal Projects/RagingEngineZ/Content/Models/Animations/Zombie_Boss/Zombie_Boss_Idle_Anim.m.ubulk" 1502
"C:/Users/marco/Documents/Unreal Projects/RagingEngineZ/Content/Models/Animations/Zombie_Boss/Zombie_Boss_Idle_Anim.uexp" 1503
"C:/Users/marco/Documents/Unreal Projects/RagingEngineZ/Content/Models/Animations/Zombie_Boss/Zombie_Boss_Walk_Anim.uasset" 1504
"C:/Users/marco/Documents/Unreal Projects/RagingEngineZ/Content/Models/Animations/Zombie_Boss/Zombie_Boss_Walk_Anim.m.ubulk" 1505
"C:/Users/marco/Documents/Unreal Projects/RagingEngineZ/Content/Models/Animations/Zombie_Boss/Zombie_Boss_Walk_Anim.uexp" 1506
"C:/Users/marco/Documents/Unreal Projects/RagingEngineZ/Content/Models/Animations/Zombie_Boss/BS_Zombie_Boss.uasset" 1507
"C:/Users/marco/Documents/Unreal Projects/RagingEngineZ/Content/Models/Animations/Zombie_Boss/BS_Zombie_Boss.uexp" 1508
"C:/Users/marco/Documents/Unreal Projects/RagingEngineZ/Content/Models/Animations/Zombie_Boss/ABP_Zombie_Boss.uasset" 1509
"C:/Users/marco/Documents/Unreal Projects/RagingEngineZ/Content/Models/Animations/Zombie_Boss/ABP_Zombie_Boss.uexp" 1510
"C:/Users/marco/Documents/Unreal Projects/RagingEngineZ/Content/Models/Animations/Zombie_Boss/Zombie_Boss_Attack_Anim.uasset" 1511
"C:/Users/marco/Documents/Unreal Projects/RagingEngineZ/Content/Models/Animations/Zombie_Boss/Zombie_Boss_Attack_Anim.m.ubulk" 1512
"C:/Users/marco/Documents/Unreal Projects/RagingEngineZ/Content/Models/Animations/Zombie_Boss/Zombie_Boss_Attack_Anim.uexp" 1513
"C:/Users/marco/Documents/Unreal Projects/RagingEngineZ/Content/Models/Animations/Zombie_Boss/AM_Boss_Attack.uasset" 1514
"C:/Users/marco/Documents/Unreal Projects/RagingEngineZ/Content/Models/Animations/Zombie_Boss/AM_Boss_Attack.uexp" 1515
"C:/Users/marco/Documents/Unreal Projects/RagingEngineZ/Content/Models/Animations/Zombie_Boss.ubulk" 1516
"C:/Users/marco/Documents/Unreal Projects/RagingEngineZ/Content/Models/Animations/Zombie_Boss.uasset" 1517
"C:/Users/marco/Documents/Unreal Projects/RagingEngineZ/Content/Models/Animations/Zombie_Boss.uexp" 1518
"C:/Users/marco/Documents/Unreal Projects/RagingEngineZ/Content/Models/Animations/Zombie_Boss/M_Zombie_Boss.uasset" 1519
"C:/Users/marco/Documents/Unreal Projects/RagingEngineZ/Content/Models/Animations/Zombie_Boss/M_Zombie_Boss.uexp" 1520
"C:/Users/marco/Documents/Unreal Projects/RagingEngineZ/Content/Models/Animations/Zombie_Boss/Zombie_Boss_Mesh.uasset" 1521
"C:/Users/marco/Documents/Unreal Projects/RagingEngineZ/Content/Models/Animations/Zombie_Boss/Zombie_Boss_Mesh.uexp" 1522
"C:/Users/marco/Documents/Unreal Projects/RagingEngineZ/Content/Blueprints/Zombies/BP_Zombie_Boss.uasset" 1523
"C:/Users/marco/Documents/Unreal Projects/RagingEngineZ/Content/Blueprints/Zombies/BP_Zombie_Boss.uexp" 1524
"C:/Users/marco/Documents/Unreal Projects/RagingEngineZ/Content/Models/Animations/Zombie_Heavy/Zombie_Heavy_Skeleton.uasset" 1525
"C:/Users/marco/Documents/Unreal Projects/RagingEngineZ/Content/Models/Animations/Zombie_Heavy/Zombie_Heavy_Skeleton.uexp" 1526
"C:/Users/marco/Documents/Unreal Projects/RagingEngineZ/Content/Models/Animations/Zombie_Heavy/Zombie_heavy_idle_Anim.uasset" 1527
"C:/Users/marco/Documents/Unreal Projects/RagingEngineZ/Content/Models/Animations/Zombie_Heavy/Zombie_heavy_idle_Anim.m.ubulk" 1528
"C:/Users/marco/Documents/Unreal Projects/RagingEngineZ/Content/Models/Animations/Zombie_Heavy/Zombie_heavy_idle_Anim.uexp" 1529
"C:/Users/marco/Documents/Unreal Projects/RagingEngineZ/Content/Models/Animations/Zombie_Heavy/Zombie_heavy_walk_Anim.uasset" 1530
"C:/Users/marco/Documents/Unreal Projects/RagingEngineZ/Content/Models/Animations/Zombie_Heavy/Zombie_heavy_walk_Anim.m.ubulk" 1531
"C:/Users/marco/Documents/Unreal Projects/RagingEngineZ/Content/Models/Animations/Zombie_Heavy/Zombie_heavy_walk_Anim.uexp" 1532
"C:/Users/marco/Documents/Unreal Projects/RagingEngineZ/Content/Models/Animations/Zombie_Heavy/BS_Zombie_Heavy.uasset" 1533
"C:/Users/marco/Documents/Unreal Projects/RagingEngineZ/Content/Models/Animations/Zombie_Heavy/BS_Zombie_Heavy.uexp" 1534
"C:/Users/marco/Documents/Unreal Projects/RagingEngineZ/Content/Models/Animations/Zombie_Heavy/ABP_Zombie_Heavy.uasset" 1535
"C:/Users/marco/Documents/Unreal Projects/RagingEngineZ/Content/Models/Animations/Zombie_Heavy/ABP_Zombie_Heavy.uexp" 1536
"C:/Users/marco/Documents/Unreal Projects/RagingEngineZ/Content/Models/Animations/Zombie_Heavy/Zombie_heavy_attack_Anim.uasset" 1537
"C:/Users/marco/Documents/Unreal Projects/RagingEngineZ/Content/Models/Animations/Zombie_Heavy/Zombie_heavy_attack_Anim.m.ubulk" 1538
"C:/Users/marco/Documents/Unreal Projects/RagingEngineZ/Content/Models/Animations/Zombie_Heavy/Zombie_heavy_attack_Anim.uexp" 1539
"C:/Users/marco/Documents/Unreal Projects/RagingEngineZ/Content/Models/Animations/Zombie_Heavy/AM_Heavy_Attack.uasset" 1540
"C:/Users/marco/Documents/Unreal Projects/RagingEngineZ/Content/Models/Animations/Zombie_Heavy/AM_Heavy_Attack.uexp" 1541
"C:/Users/marco/Documents/Unreal Projects/RagingEngineZ/Content/Models/Animations/Zombie_Heavy.ubulk" 1542
"C:/Users/marco/Documents/Unreal Projects/RagingEngineZ/Content/Models/Animations/Zombie_Heavy.uasset" 1543
"C:/Users/marco/Documents/Unreal Projects/RagingEngineZ/Content/Models/Animations/Zombie_Heavy.uexp" 1544
"C:/Users/marco/Documents/Unreal Projects/RagingEngineZ/Content/Models/Animations/Zombie_Heavy/M_Zombie_Heavy.uasset" 1545
"C:/Users/marco/Documents/Unreal Projects/RagingEngineZ/Content/Models/Animations/Zombie_Heavy/M_Zombie_Heavy.uexp" 1546
"C:/Users/marco/Documents/Unreal Projects/RagingEngineZ/Content/Models/Animations/Zombie_Heavy/Zombie_Heavy_Mesh.uasset" 1547
"C:/Users/marco/Documents/Unreal Projects/RagingEngineZ/Content/Models/Animations/Zombie_Heavy/Zombie_Heavy_Mesh.uexp" 1548
"C:/Users/marco/Documents/Unreal Projects/RagingEngineZ/Content/Blueprints/Zombies/BP_Zombie_Heavy.uasset" 1549
"C:/Users/marco/Documents/Unreal Projects/RagingEngineZ/Content/Blueprints/Zombies/BP_Zombie_Heavy.uexp" 1550
"C:/Users/marco/Documents/Unreal Projects/RagingEngineZ/Content/Models/Animations/Zombie_Med/Zombie_Med_Skeleton.uasset" 1551
"C:/Users/marco/Documents/Unreal Projects/RagingEngineZ/Content/Models/Animations/Zombie_Med/Zombie_Med_Skeleton.uexp" 1552
"C:/Users/marco/Documents/Unreal Projects/RagingEngineZ/Content/Models/Animations/Zombie_Med/Med_Run.uasset" 1553
"C:/Users/marco/Documents/Unreal Projects/RagingEngineZ/Content/Models/Animations/Zombie_Med/Med_Run.m.ubulk" 1554
"C:/Users/marco/Documents/Unreal Projects/RagingEngineZ/Content/Models/Animations/Zombie_Med/Med_Run.uexp" 1555
"C:/Users/marco/Documents/Unreal Projects/RagingEngineZ/Content/Models/Animations/Zombie_Med/Zombie_Med_Idle.uasset" 1556
"C:/Users/marco/Documents/Unreal Projects/RagingEngineZ/Content/Models/Animations/Zombie_Med/Zombie_Med_Idle.m.ubulk" 1557
"C:/Users/marco/Documents/Unreal Projects/RagingEngineZ/Content/Models/Animations/Zombie_Med/Zombie_Med_Idle.uexp" 1558
"C:/Users/marco/Documents/Unreal Projects/RagingEngineZ/Content/Models/Animations/Zombie_Med/BS_Zombie_Med.uasset" 1559
"C:/Users/marco/Documents/Unreal Projects/RagingEngineZ/Content/Models/Animations/Zombie_Med/BS_Zombie_Med.uexp" 1560
"C:/Users/marco/Documents/Unreal Projects/RagingEngineZ/Content/Models/Animations/Zombie_Med/ABP_Zombie_Med.uasset" 1561
"C:/Users/marco/Documents/Unreal Projects/RagingEngineZ/Content/Models/Animations/Zombie_Med/ABP_Zombie_Med.uexp" 1562
"C:/Users/marco/Documents/Unreal Projects/RagingEngineZ/Content/Models/Animations/Zombie_Med/Zombie_Med_Attack.uasset" 1563
"C:/Users/marco/Documents/Unreal Projects/RagingEngineZ/Content/Models/Animations/Zombie_Med/Zombie_Med_Attack.m.ubulk" 1564
"C:/Users/marco/Documents/Unreal Projects/RagingEngineZ/Content/Models/Animations/Zombie_Med/Zombie_Med_Attack.uexp" 1565
"C:/Users/marco/Documents/Unreal Projects/RagingEngineZ/Content/Models/Animations/Zombie_Med/AM_Med_Attack.uasset" 1566
"C:/Users/marco/Documents/Unreal Projects/RagingEngineZ/Content/Models/Animations/Zombie_Med/AM_Med_Attack.uexp" 1567
"C:/Users/marco/Documents/Unreal Projects/RagingEngineZ/Content/Models/Animations/Zombie_Med.ubulk" 1568
"C:/Users/marco/Documents/Unreal Projects/RagingEngineZ/Content/Models/Animations/Zombie_Med.uasset" 1569
"C:/Users/marco/Documents/Unreal Projects/RagingEngineZ/Content/Models/Animations/Zombie_Med.uexp" 1570
"C:/Users/marco/Documents/Unreal Projects/RagingEngineZ/Content/Models/Animations/Zombie_Med/M_Zombie_Med.uasset" 1571
"C:/Users/marco/Documents/Unreal Projects/RagingEngineZ/Content/Models/Animations/Zombie_Med/M_Zombie_Med.uexp" 1572
"C:/Users/marco/Documents/Unreal Projects/RagingEngineZ/Content/Models/Animations/Zombie_Med/Zombie_Med.uasset" 1573
"C:/Users/marco/Documents/Unreal Projects/RagingEngineZ/Content/Models/Animations/Zombie_Med/Zombie_Med.uexp" 1574
"C:/Users/marco/Documents/Unreal Projects/RagingEngineZ/Content/Blueprints/Zombies/BP_Zombie_Med.uasset" 1575
"C:/Users/marco/Documents/Unreal Projects/RagingEngineZ/Content/Blueprints/Zombies/BP_Zombie_Med.uexp" 1576
"C:/Users/marco/Documents/Unreal Projects/RagingEngineZ/Content/Blueprints/Zombies/BP_ZombieSpawner.uasset" 1577
"C:/Users/marco/Documents/Unreal Projects/RagingEngineZ/Content/Blueprints/Zombies/BP_ZombieSpawner.uexp" 1578
"C:/Users/marco/Documents/Unreal Projects/RagingEngineZ/Content/Blueprints/BP_ZenoFollower.uasset" 1579
"C:/Users/marco/Documents/Unreal Projects/RagingEngineZ/Content/Blueprints/BP_ZenoFollower.uexp" 1580
"C:/Users/marco/Documents/Unreal Projects/RagingEngineZ/Content/Models/Environment/Env_TopDown_Floor.ubulk" 1581
"C:/Users/marco/Documents/Unreal Projects/RagingEngineZ/Content/Models/Environment/Env_TopDown_Floor.uasset" 1582
"C:/Users/marco/Documents/Unreal Projects/RagingEngineZ/Content/Models/Environment/Env_TopDown_Floor.uexp" 1583
"C:/Users/marco/Documents/Unreal Projects/RagingEngineZ/Content/Blueprints/ObjectsToSpawn/Environment/BPP_PackageLevelActorWall.uasset" 1584
"C:/Users/marco/Documents/Unreal Projects/RagingEngineZ/Content/Blueprints/ObjectsToSpawn/Environment/BPP_PackageLevelActorWall.uexp" 1585
"C:/Users/marco/Documents/Unreal Projects/RagingEngineZ/Content/Blueprints/Projectiles/BP_Turret.uasset" 1586
"C:/Users/marco/Documents/Unreal Projects/RagingEngineZ/Content/Blueprints/Projectiles/BP_Turret.uexp" 1587
"C:/Users/marco/Documents/Unreal Projects/RagingEngineZ/Content/Levels/LV_TopDown.uexp" 1588
"C:/Users/marco/Documents/Unreal Projects/RagingEngineZ/Content/Levels/LV_TopDown.umap" 1589
"C:/Users/marco/Documents/Unreal Projects/RagingEngineZ/Content/UI/BP_Main_Menu_Gamemode.uasset" 1590
"C:/Users/marco/Documents/Unreal Projects/RagingEngineZ/Content/UI/BP_Main_Menu_Gamemode.uexp" 1591
"C:/Users/marco/Documents/Unreal Projects/RagingEngineZ/Content/Textures/gun_test.uasset" 1592
"C:/Users/marco/Documents/Unreal Projects/RagingEngineZ/Content/Textures/gun_test.uexp" 1593
"C:/Users/marco/Documents/Unreal Projects/RagingEngineZ/Content/UI/driving_tutorial2.uasset" 1594
"C:/Users/marco/Documents/Unreal Projects/RagingEngineZ/Content/UI/driving_tutorial2.uexp" 1595
"C:/Users/marco/Documents/Unreal Projects/RagingEngineZ/Content/UI/onfoot_tutorial.uasset" 1596
"C:/Users/marco/Documents/Unreal Projects/RagingEngineZ/Content/UI/onfoot_tutorial.uexp" 1597
"C:/Users/marco/Documents/Unreal Projects/RagingEngineZ/Content/UI/survive_tutorial.uasset" 1598
"C:/Users/marco/Documents/Unreal Projects/RagingEngineZ/Content/UI/survive_tutorial.uexp" 1599
"C:/Users/marco/Documents/Unreal Projects/RagingEngineZ/Content/Textures/Me_and_the_boys.uasset" 1600
"C:/Users/marco/Documents/Unreal Projects/RagingEngineZ/Content/Textures/Me_and_the_boys.uexp" 1601
"C:/Users/marco/Documents/Unreal Projects/RagingEngineZ/Content/Textures/ShopIcons/Armor_Icon.ubulk" 1602
"C:/Users/marco/Documents/Unreal Projects/RagingEngineZ/Content/Textures/ShopIcons/Armor_Icon.uasset" 1603
"C:/Users/marco/Documents/Unreal Projects/RagingEngineZ/Content/Textures/ShopIcons/Armor_Icon.uexp" 1604
"C:/Users/marco/Documents/Unreal Projects/RagingEngineZ/Content/Textures/ShopIcons/Car_Gas.ubulk" 1605
"C:/Users/marco/Documents/Unreal Projects/RagingEngineZ/Content/Textures/ShopIcons/Car_Gas.uasset" 1606
"C:/Users/marco/Documents/Unreal Projects/RagingEngineZ/Content/Textures/ShopIcons/Car_Gas.uexp" 1607
"C:/Users/marco/Documents/Unreal Projects/RagingEngineZ/Content/Textures/ShopIcons/Car_Handling.ubulk" 1608
"C:/Users/marco/Documents/Unreal Projects/RagingEngineZ/Content/Textures/ShopIcons/Car_Handling.uasset" 1609
"C:/Users/marco/Documents/Unreal Projects/RagingEngineZ/Content/Textures/ShopIcons/Car_Handling.uexp" 1610
"C:/Users/marco/Documents/Unreal Projects/RagingEngineZ/Content/Textures/ShopIcons/Car_Icon.ubulk" 1611
"C:/Users/marco/Documents/Unreal Projects/RagingEngineZ/Content/Textures/ShopIcons/Car_Icon.uasset" 1612
"C:/Users/marco/Documents/Unreal Projects/RagingEngineZ/Content/Textures/ShopIcons/Car_Icon.uexp" 1613
"C:/Users/marco/Documents/Unreal Projects/RagingEngineZ/Content/Textures/ShopIcons/Gun_damage.ubulk" 1614
"C:/Users/marco/Documents/Unreal Projects/RagingEngineZ/Content/Textures/ShopIcons/Gun_damage.uasset" 1615
"C:/Users/marco/Documents/Unreal Projects/RagingEngineZ/Content/Textures/ShopIcons/Gun_damage.uexp" 1616
"C:/Users/marco/Documents/Unreal Projects/RagingEngineZ/Content/Textures/ShopIcons/Gun_Icon.ubulk" 1617
"C:/Users/marco/Documents/Unreal Projects/RagingEngineZ/Content/Textures/ShopIcons/Gun_Icon.uasset" 1618
"C:/Users/marco/Documents/Unreal Projects/RagingEngineZ/Content/Textures/ShopIcons/Gun_Icon.uexp" 1619
"C:/Users/marco/Documents/Unreal Projects/RagingEngineZ/Content/Textures/ShopIcons/Gun_Mag_Size.ubulk" 1620
"C:/Users/marco/Documents/Unreal Projects/RagingEngineZ/Content/Textures/ShopIcons/Gun_Mag_Size.uasset" 1621
"C:/Users/marco/Documents/Unreal Projects/RagingEngineZ/Content/Textures/ShopIcons/Gun_Mag_Size.uexp" 1622
"C:/Users/marco/Documents/Unreal Projects/RagingEngineZ/Content/Textures/ShopIcons/Gun_Reload.ubulk" 1623
"C:/Users/marco/Documents/Unreal Projects/RagingEngineZ/Content/Textures/ShopIcons/Gun_Reload.uasset" 1624
"C:/Users/marco/Documents/Unreal Projects/RagingEngineZ/Content/Textures/ShopIcons/Gun_Reload.uexp" 1625
"C:/Users/marco/Documents/Unreal Projects/RagingEngineZ/Content/Textures/ShopIcons/Health.ubulk" 1626
"C:/Users/marco/Documents/Unreal Projects/RagingEngineZ/Content/Textures/ShopIcons/Health.uasset" 1627
"C:/Users/marco/Documents/Unreal Projects/RagingEngineZ/Content/Textures/ShopIcons/Health.uexp" 1628
"C:/Users/marco/Documents/Unreal Projects/RagingEngineZ/Content/Textures/ShopIcons/John_Icon.ubulk" 1629
"C:/Users/marco/Documents/Unreal Projects/RagingEngineZ/Content/Textures/ShopIcons/John_Icon.uasset" 1630
"C:/Users/marco/Documents/Unreal Projects/RagingEngineZ/Content/Textures/ShopIcons/John_Icon.uexp" 1631
"C:/Users/marco/Documents/Unreal Projects/RagingEngineZ/Content/Textures/ShopIcons/John_Luck.ubulk" 1632
"C:/Users/marco/Documents/Unreal Projects/RagingEngineZ/Content/Textures/ShopIcons/John_Luck.uasset" 1633
"C:/Users/marco/Documents/Unreal Projects/RagingEngineZ/Content/Textures/ShopIcons/John_Luck.uexp" 1634
"C:/Users/marco/Documents/Unreal Projects/RagingEngineZ/Content/Textures/ShopIcons/John_Speed.ubulk" 1635
"C:/Users/marco/Documents/Unreal Projects/RagingEngineZ/Content/Textures/ShopIcons/John_Speed.uasset" 1636
"C:/Users/marco/Documents/Unreal Projects/RagingEngineZ/Content/Textures/ShopIcons/John_Speed.uexp" 1637
"C:/Users/marco/Documents/Unreal Projects/RagingEngineZ/Content/Textures/ShopIcons/Shotgun_Icon.ubulk" 1638
"C:/Users/marco/Documents/Unreal Projects/RagingEngineZ/Content/Textures/ShopIcons/Shotgun_Icon.uasset" 1639
"C:/Users/marco/Documents/Unreal Projects/RagingEngineZ/Content/Textures/ShopIcons/Shotgun_Icon.uexp" 1640
"C:/Users/marco/Documents/Unreal Projects/RagingEngineZ/Content/Textures/ShopIcons/SMG_Icon.ubulk" 1641
"C:/Users/marco/Documents/Unreal Projects/RagingEngineZ/Content/Textures/ShopIcons/SMG_Icon.uasset" 1642
"C:/Users/marco/Documents/Unreal Projects/RagingEngineZ/Content/Textures/ShopIcons/SMG_Icon.uexp" 1643
"C:/Users/marco/Documents/Unreal Projects/RagingEngineZ/Content/UI/UI_Main_Menu.uasset" 1644
"C:/Users/marco/Documents/Unreal Projects/RagingEngineZ/Content/UI/UI_Main_Menu.uexp" 1645
"C:/Users/marco/Documents/Unreal Projects/RagingEngineZ/Content/UI/Lvl_Main_Menu.uexp" 1646
"C:/Users/marco/Documents/Unreal Projects/RagingEngineZ/Content/UI/Lvl_Main_Menu.umap" 1647
